Mærke,Navn,Adresse,Postnr,By,Latitude,Longitude
7-Eleven,7-Eleven København K,"Kongens Nytorv 21, 1050 København K",1050,København K,55.679977,12.584765
7-Eleven,7-Eleven København K,"Pilestræde 37, 1112 København K",1112,København K,55.680934,12.57975
7-Eleven,7-Eleven København K,"Gothersgade 12, 1123 København K",1123,København K,55.681928,12.584005
7-Eleven,7-Eleven København K,"Købmagergade 64, 1150 København K",1150,København K,55.682166,12.574665
7-Eleven,7-Eleven København K,"Nørregade 53, 1165 København K",1165,København K,55.68229,12.570749
7-Eleven,7-Eleven København K,"Højbro Plads 21, 1200 København K",1200,København K,55.677905,12.580408
7-Eleven,7-Eleven København K,"Store Kongensgade 84, 1264 København K",1264,København K,55.685074,12.588523
7-Eleven,7-Eleven København K,"Nørre Voldgade 15A, 1358 København K",1358,København K,55.683297,12.571878
7-Eleven,7-Eleven København K,"Nørre Voldgade 19A, 1358 København K",1358,København K,55.683642,12.572305
7-Eleven,7-Eleven København K,"Torvegade 49, 1400 København K",1400,København K,55.672112,12.592363
7-Eleven,7-Eleven København K,"Gammeltorv 6, 1457 København K",1457,København K,55.678434,12.572489
7-Eleven,7-Eleven København K,"Frederiksberggade 40, 1459 København K",1459,København K,55.67655,12.569338
7-Eleven,7-Eleven København V,"Rådhuspladsen 14, 1550 København V",1550,København V,55.676235,12.566924
7-Eleven,7-Eleven København V,"Banegårdspladsen 7, 1570 København V",1570,København V,55.673468,12.565055
7-Eleven,7-Eleven Express,"Bernstorffsgade 16, 1577 København V",1577,København V,55.672813,12.565321
7-Eleven,7-Eleven København V,"Carsten Niebuhrs Gade 30, 1577 København V",1577,København V,55.664376,12.560834
7-Eleven,7-Eleven København V,"Ved Vesterport 5, 1612 København V",1612,København V,55.675244,12.562245
7-Eleven,7-Eleven København V,"Ved Vesterport 2, 1612 København V",1612,København V,55.675683,12.562376
7-Eleven,7-Eleven København V,"Vesterbrogade 77, 1620 København V",1620,København V,55.672428,12.549508
7-Eleven,7-Eleven København V,"Istedgade 2, 1650 København V",1650,København V,55.67246,12.563354
7-Eleven,7-Eleven Express,"Reventlowsgade 7, 1651 København V",1651,København V,55.672555,12.56451
7-Eleven,7-Eleven København V,"Reventlowsgade 9, 1651 København V",1651,København V,55.671996,12.564632
7-Eleven,7-Eleven København V,"Reventlowsgade 9, 1651 København V",1651,København V,55.672179,12.565131
7-Eleven,7-Eleven København V,"Viktoriagade 1, 1655 København V",1655,København V,55.672544,12.557477
7-Eleven,7-Eleven København V,"Tapperitorvet 20, 1799 København V",1799,København V,55.663881,12.536833
7-Eleven,7-Eleven Frederiksberg C,"Frederiksberg Alle 41, 1820 Frederiksberg C",1820,Frederiksberg C,55.673658,12.540804
7-Eleven,7-Eleven Frederiksberg C,"Gammel Kongevej 111, 1850 Frederiksberg C",1850,Frederiksberg C,55.675418,12.545226
7-Eleven,7-Eleven Frederiksberg,"Stig Lommers Plads 1, 2000 Frederiksberg",2000,Frederiksberg,55.685446,12.499192
7-Eleven,7-Eleven Frederiksberg,"Falkoner Alle 11, 2000 Frederiksberg",2000,Frederiksberg,55.680043,12.533522
7-Eleven,7-Eleven Frederiksberg,"Falkoner Alle 86, 2000 Frederiksberg",2000,Frederiksberg,55.685145,12.538845
7-Eleven,7-Eleven Frederiksberg,"Nordre Fasanvej 13, 2000 Frederiksberg",2000,Frederiksberg,55.680856,12.521868
7-Eleven,7-Eleven Frederiksberg,"Peter Bangs Vej 107, 2000 Frederiksberg",2000,Frederiksberg,55.678343,12.498988
7-Eleven,7-Eleven Frederiksberg,"Stig Lommers Plads 1A, 2000 Frederiksberg",2000,Frederiksberg,55.685698,12.498784
7-Eleven,7-Eleven København Ø,"Østerbrogade 76, 2100 København Ø",2100,København Ø,55.69967,12.577911
7-Eleven,7-Eleven København Ø,"Inge Lehmanns Vej 5, 2100 København Ø",2100,København Ø,55.696589,12.566953
7-Eleven,7-Eleven København Ø,"Nøjsomhedsvej 2, 2100 København Ø",2100,København Ø,55.704395,12.577726
7-Eleven,7-Eleven København Ø,"Oslo Plads 8, 2100 København Ø",2100,København Ø,55.692529,12.587275
7-Eleven,7-Eleven København Ø,"Østerbrogade 246, 2100 København Ø",2100,København Ø,55.715522,12.578036
7-Eleven,7-Eleven København Ø,"Østbanegade 120, 2100 København Ø",2100,København Ø,55.704661,12.591109
7-Eleven,7-Eleven København N,"Nørrebrogade 155, 2200 København N",2200,København N,55.694513,12.548311
7-Eleven,7-Eleven København N,"Elmegade 1, 2200 København N",2200,København N,55.689246,12.557467
7-Eleven,7-Eleven København N,"Fælledvej 27, 2200 København N",2200,København N,55.690397,12.560575
7-Eleven,7-Eleven København N,"Griffenfeldsgade 54, 2200 København N",2200,København N,55.685719,12.552162
7-Eleven,7-Eleven København N,"Nørrebrogade 190, 2200 København N",2200,København N,55.697586,12.544149
7-Eleven,7-Eleven København N,"Nørrebrogade 3A, 2200 København N",2200,København N,55.687293,12.561868
7-Eleven,7-Eleven København N,"Folmer Bendtsens Plads 17, 2200 København N",2200,København N,55.700633,12.537799
7-Eleven,7-Eleven København N,"Nørrebrogade 251, 2200 København N",2200,København N,55.700513,12.538369
7-Eleven,7-Eleven København S,"Artillerivej 50, 2300 København S",2300,København S,55.664342,12.583621
7-Eleven,7-Eleven København S,"Amagerbrogade 173, 2300 København S",2300,København S,55.653358,12.611413
7-Eleven,7-Eleven København S,"Amagerbrogade 43, 2300 København S",2300,København S,55.663863,12.601268
7-Eleven,7-Eleven København S,"Englandsvej 22, 2300 København S",2300,København S,55.657023,12.604741
7-Eleven,7-Eleven København NV,"Frederikssundsvej 3, 2400 København NV",2400,København NV,55.700837,12.537422
7-Eleven,7-Eleven Bispebjerg Hospital,"Ebba Lunds Vej 44, 2400 København NV",2400,København NV,55.715867,12.540943
7-Eleven,7-Eleven Valby,"Toftegårds Allé 34, 2500 Valby",2500,Valby,55.663298,12.516091
7-Eleven,7-Eleven Valby,"Mellemtoftevej 1A, 2500 Valby",2500,Valby,55.663846,12.514378
7-Eleven,7-Eleven Valby,"Sjælør Boulevard 65, 2500 Valby",2500,Valby,55.651724,12.527224
7-Eleven,7-Eleven Valby,"Gammel Køge Landevej 16, 2500 Valby",2500,Valby,55.660698,12.515319
7-Eleven,7-Eleven København Syd,"Carl Jacobsens Vej 17U, 2500 Valby",2500,Valby,55.65242,12.516968
7-Eleven,7-Eleven Valby,"Carl Jacobsens Vej 17Y, 2500 Valby",2500,Valby,55.652765,12.516398
7-Eleven,7-Eleven Glostrup,"Banegårdsvej 208A, 2600 Glostrup",2600,Glostrup,55.663351,12.399308
7-Eleven,7-Eleven Glostrup,"Banegårdspladsen 5A, 2600 Glostrup",2600,Glostrup,55.663222,12.398761
7-Eleven,7-Eleven Rødovre,"Roskildevej 360, 2610 Rødovre",2610,Rødovre,55.670949,12.451193
7-Eleven,7-Eleven Albertslund,"Egelundsvej 5B, 2620 Albertslund",2620,Albertslund,55.661101,12.332789
7-Eleven,DSB 7-Eleven Albertslund Station,"Nøglesvinget 1, 2620 Albertslund",2620,Albertslund,55.658115,12.354007
7-Eleven,7-Eleven Taastrup,"Banestrøget 1, 2630 Taastrup",2630,Taastrup,55.649158,12.269191
7-Eleven,7-Eleven Ishøj,"Vejlebrovej 35, 2635 Ishøj",2635,Ishøj,55.613338,12.358109
7-Eleven,7-Eleven Hvidovre,"Bibliotekvej 56, 2650 Hvidovre",2650,Hvidovre,55.641414,12.469733
7-Eleven,7-Eleven Hvidovre,"Kettegård Alle 53, 2650 Hvidovre",2650,Hvidovre,55.6482,12.465888
7-Eleven,7-Eleven Hvidovre,"Hvidovrevej 335, 2650 Hvidovre",2650,Hvidovre,55.628867,12.482415
7-Eleven,7-Eleven Vallensbæk Strand,"Vallensbæk Stationstorv 66, 2665 Vallensbæk Strand",2665,Vallensbæk Strand,55.623229,12.388331
7-Eleven,7-Eleven Solrød Strand,"Janesvej 9, 2680 Solrød Strand",2680,Solrød Strand,55.53302,12.206865
7-Eleven,7-Eleven Brønshøj,"Frederikssundsvej 356, 2700 Brønshøj",2700,Brønshøj,55.713429,12.467804
7-Eleven,7-Eleven Vanløse,"Jernbane Allé 46, 2720 Vanløse",2720,Vanløse,55.687341,12.490657
7-Eleven,7-Eleven Vanløse,"Sallingvej 6, 2720 Vanløse",2720,Vanløse,55.694462,12.50878
7-Eleven,7-Eleven Herlev,"Borgmester Ib Juuls Vej 1, 2730 Herlev",2730,Herlev,55.731394,12.443536
7-Eleven,7-Eleven Herlev,"Stationsalleen 11, 2730 Herlev",2730,Herlev,55.719076,12.443301
7-Eleven,DSB 7-Eleven Ballerup Station,"Banegårdspladsen 5A, 2750 Ballerup",2750,Ballerup,55.729993,12.358085
7-Eleven,7-Eleven Kastrup,"Terminalvej Airside 12, 2770 Kastrup",2770,Kastrup,55.628094,12.651037
7-Eleven,7-Eleven Kastrup,"Terminalvej Airside 8, 2770 Kastrup",2770,Kastrup,55.627908,12.65313
7-Eleven,7-Eleven Kastrup,"Lufthavnsboulevarden 6, 2770 Kastrup",2770,Kastrup,55.629474,12.639777
7-Eleven,7-Eleven Kastrup,"Lufthavnsboulevarden 10, 2770 Kastrup",2770,Kastrup,55.629074,12.641943
7-Eleven,7-Eleven Kastrup,"Terminalvej Airside 12, 2770 Kastrup",2770,Kastrup,55.627708,12.650684
7-Eleven,7-Eleven Kastrup,"Præstefælledvej 24, 2770 Kastrup",2770,Kastrup,55.623593,12.599653
7-Eleven,7-Eleven Kastrup,"Fingervej B-Vest 1, 2770 Kastrup",2770,Kastrup,55.627274,12.645228
7-Eleven,7-Eleven Kastrup,"Kastrup Tværvej C 6, 2770 Kastrup",2770,Kastrup,55.628658,12.650284
7-Eleven,7-Eleven Kastrup,"Fingervej E-Øst 6, 2770 Kastrup",2770,Kastrup,55.625649,12.657038
7-Eleven,7-Eleven Kastrup,"Kaperrækken 5, 2770 Kastrup",2770,Kastrup,55.630101,12.655809
7-Eleven,7-Eleven Kastrup,"Kastrup Tværvej B 3, 2770 Kastrup",2770,Kastrup,55.629497,12.649154
7-Eleven,7-Eleven Kongelundsvej,"Kongelundsvej 413, 2770 Kastrup",2770,Kastrup,55.60549,12.584302
7-Eleven,7-Eleven Shell Dragør,"Kirkevej 177, 2791 Dragør",2791,Dragør,55.594578,12.66845
7-Eleven,7-Eleven Kongens Lyngby,"Klampenborgvej 230A, 2800 Kongens Lyngby",2800,Kongens Lyngby,55.771806,12.506986
7-Eleven,7-Eleven Kongens Lyngby,"Jernbanepladsen 47, 2800 Kongens Lyngby",2800,Kongens Lyngby,55.768573,12.502886
7-Eleven,7-Eleven Kongens Lyngby,"Kanalvej 2, 2800 Kongens Lyngby",2800,Kongens Lyngby,55.772416,12.50669
7-Eleven,7-Eleven Virum,"Kongevejen 242, 2830 Virum",2830,Virum,55.796948,12.48268
7-Eleven,7-Eleven Søborg,"Buddingevej 270, 2860 Søborg",2860,Søborg,55.747042,12.494518
7-Eleven,7-Eleven Strandvejen Hellerup,"Strandvejen 151, 2900 Hellerup",2900,Hellerup,55.730786,12.576023
7-Eleven,7-Eleven Hellerup,"Ryvangs Allé 79C, 2900 Hellerup",2900,Hellerup,55.73113,12.56763
7-Eleven,7-Eleven Charlottenlund,"Bernstorffsvej 186, 2920 Charlottenlund",2920,Charlottenlund,55.74844,12.557732
7-Eleven,7-Eleven Hørsholm,"Kokkedal Stationsvej 6, 2970 Hørsholm",2970,Hørsholm,55.903463,12.502056
7-Eleven,7-Eleven Helsingør,"Stationspladsen 1, 3000 Helsingør",3000,Helsingør,56.033585,12.614219
7-Eleven,7-Eleven Frederiksværk,"Åsebro 1, 3300 Frederiksværk",3300,Frederiksværk,55.981025,12.019791
7-Eleven,7-Eleven Hillerød,"Københavnsvej 53C, 3400 Hillerød",3400,Hillerød,55.929539,12.319721
7-Eleven,7-Eleven Hillerød,"Nordre Jernbanevej 37, 3400 Hillerød",3400,Hillerød,55.927093,12.310677
7-Eleven,7-Eleven Hillerød,"Milnersvej 47, 3400 Hillerød",3400,Hillerød,55.920074,12.290588
7-Eleven,7-Eleven Hillerød,"Frederiksværksgade 87, 3400 Hillerød",3400,Hillerød,55.938659,12.280197
7-Eleven,7-Eleven Hillerød,"Dyrehavevej 29, 3400 Hillerød",3400,Hillerød,55.931289,12.325234
7-Eleven,7-Eleven Fredensborg,"Helsingørsvej 19, 3480 Fredensborg",3480,Fredensborg,55.980809,12.406998
7-Eleven,7-Eleven Farum,"Farum Stationstorv 27, 3520 Farum",3520,Farum,55.812355,12.373204
7-Eleven,7-Eleven Stenløse,"Frederikssundsvej 175, 3660 Stenløse",3660,Stenløse,55.769024,12.200765
7-Eleven,7-Eleven Roskilde,"Stationscentret 6B, 4000 Roskilde",4000,Roskilde,55.63795,12.085383
7-Eleven,7-Eleven Roskilde,"Jernbanegade 1A, 4000 Roskilde",4000,Roskilde,55.639243,12.089018
7-Eleven,7-Eleven Roskilde,"Ringstedgade 72, 4000 Roskilde",4000,Roskilde,55.634658,12.073987
7-Eleven,7-Eleven Ringsted,"Jernbanevej 1, 4100 Ringsted",4100,Ringsted,55.438373,11.786843
7-Eleven,7-Eleven Sorø,"Alleen 5, 4180 Sorø",4180,Sorø,55.435908,11.557787
7-Eleven,7-Eleven Sorø,"Vestmotorvejen 367A, 4180 Sorø",4180,Sorø,55.455835,11.594577
7-Eleven,7-Eleven Slagelse,"Sdr.Stationsvej 28A, 4200 Slagelse",4200,Slagelse,55.407254,11.348581
7-Eleven,7-Eleven Slagelse,"Bjergbygade 47, 4200 Slagelse",4200,Slagelse,55.396471,11.349603
7-Eleven,7-Eleven Slagelse,"Ndr.Stationsvej 13, 4200 Slagelse",4200,Slagelse,55.407918,11.348233
7-Eleven,7-Eleven Holbæk,"Jernbaneplads 7, 4300 Holbæk",4300,Holbæk,55.715654,11.708637
7-Eleven,7-Eleven Køge,"Ivar Huitfeldtsvej 23, 4600 Køge",4600,Køge,55.457611,12.185895
7-Eleven,7-Eleven Næstved,"Ringstedgade 163, 4700 Næstved",4700,Næstved,55.24676,11.760991
7-Eleven,7-Eleven Næstved,"Odensevej 102, 4700 Næstved",4700,Næstved,55.213467,11.759997
7-Eleven,7-Eleven Vordingborg,"Banegårdspladsen 6, 4760 Vordingborg",4760,Vordingborg,55.012535,11.900012
7-Eleven,7-Eleven Nykøbing F,"Banegårdspladsen 4, 4800 Nykøbing F",4800,Nykøbing F,54.767268,11.877639
7-Eleven,7-Eleven Odense C,"Vestergade 89, 5000 Odense C",5000,Odense C,55.39423,10.380782
7-Eleven,7-Eleven Odense C,"Østre Stationsvej 27, 5000 Odense C",5000,Odense C,55.401283,10.387828
7-Eleven,7-Eleven Odense C,"Dannebrogsgade 6B, 5000 Odense C",5000,Odense C,55.401941,10.387159
7-Eleven,7-Eleven Odense C,"Næsbyvej 51, 5000 Odense C",5000,Odense C,55.411026,10.369231
7-Eleven,7-Eleven Odense C,"Overgade 6, 5000 Odense C",5000,Odense C,55.396935,10.389742
7-Eleven,DSB 7-Eleven Odense,"Dannebrogsgade 24, 5000 Odense C",5000,Odense C,55.402702,10.386554
7-Eleven,7-Eleven Odense NV,"Rugårdsvej 280, 5210 Odense NV",5210,Odense NV,55.409432,10.333235
7-Eleven,7-Eleven Odense SØ,"Ørbækvej 87, 5220 Odense SØ",5220,Odense SØ,55.382168,10.430547
7-Eleven,7-Eleven Svendborg,"Klosterplads 10, 5700 Svendborg",5700,Svendborg,55.059654,10.612044
7-Eleven,7-Eleven Nyborg,"Banegårdsalleen 100, 5800 Nyborg",5800,Nyborg,55.313921,10.80244
7-Eleven,7-Eleven Kolding,"Banegårdspladsen 4, 6000 Kolding",6000,Kolding,55.490665,9.481058
7-Eleven,7-Eleven Haderslev,"Aarøsund Landevej 84, 6100 Haderslev",6100,Haderslev,55.243951,9.503176
7-Eleven,7-Eleven Aabenraa,"Vestvejen 95, 6200 Aabenraa",6200,Aabenraa,55.044565,9.404051
7-Eleven,7-Eleven Rødekro,"Kometvej 1, 6230 Rødekro",6230,Rødekro,55.067675,9.360841
7-Eleven,7-Eleven Esbjerg,"Stormgade 206, 6700 Esbjerg",6700,Esbjerg,55.487113,8.449045
7-Eleven,7-Eleven Fredericia,"Jernbanegade 2B, 7000 Fredericia",7000,Fredericia,55.568076,9.740351
7-Eleven,7-Eleven Vejle,"Banegårdspladsen 3B, 7100 Vejle",7100,Vejle,55.706617,9.536516
7-Eleven,7-Eleven Give,"Diagonalvejen 33, 7323 Give",7323,Give,55.85497,9.2466
7-Eleven,7-Eleven Herning,"Hospitalsparken 15, 7400 Herning",7400,Herning,56.157235,8.889835
7-Eleven,7-Eleven Herning,"Møllegade 10, 7400 Herning",7400,Herning,56.137108,8.967376
7-Eleven,7-Eleven Lemvig,"Storegade 3, 7620 Lemvig",7620,Lemvig,56.546484,8.303447
7-Eleven,7-Eleven Aarhus C,"Immervad 1A, 8000 Aarhus C",8000,Aarhus C,56.157528,10.207542
7-Eleven,7-Eleven Aarhus C,"Vesterbrogade 1, 8000 Aarhus C",8000,Aarhus C,56.158043,10.198011
7-Eleven,7-Eleven Aarhus C,"Frederiks Allé 125, 8000 Aarhus C",8000,Aarhus C,56.147182,10.195507
7-Eleven,7-Eleven Aarhus C,"Nørreport 28, 8000 Aarhus C",8000,Aarhus C,56.162085,10.211645
7-Eleven,7-Eleven Aarhus C,"Banegårdspladsen 1C, 8000 Aarhus C",8000,Aarhus C,56.150139,10.204992
7-Eleven,7-Eleven Aarhus C,"Banegårdspladsen 6, 8000 Aarhus C",8000,Aarhus C,56.150826,10.204269
7-Eleven,7-Eleven Aarhus C,"Banegårdspladsen 1E, 8000 Aarhus C",8000,Aarhus C,56.149995,10.20458
7-Eleven,7-Eleven Risskov,"Grenåvej 189, 8240 Risskov",8240,Risskov,56.19546,10.219298
7-Eleven,7-Eleven Shell Hasselager,"Hovedvejen 6, 8361 Hasselager",8361,Hasselager,56.107613,10.110117
7-Eleven,7-Eleven Tilst,"Havkærvej 114, 8381 Tilst",8381,Tilst,56.182305,10.122268
7-Eleven,7-Eleven Silkeborg,"Drewsensvej 5, 8600 Silkeborg",8600,Silkeborg,56.164323,9.54408
7-Eleven,7-Eleven Skanderborg,"Jernbanevej 3, 8660 Skanderborg",8660,Skanderborg,56.043346,9.924571
7-Eleven,7-Eleven Horsens,"Banegårdsgade 3, 8700 Horsens",8700,Horsens,55.862847,9.836514
7-Eleven,7-Eleven Viborg,"Heibergs Alle 5A, 8800 Viborg",8800,Viborg,56.444849,9.404144
7-Eleven,7-Eleven Viborg,"Gl. Skivevej 71, 8800 Viborg",8800,Viborg,56.462171,9.404106
7-Eleven,7-Eleven Randers C,"Jernbanegade 29, 8900 Randers C",8900,Randers C,56.46193,10.022201
7-Eleven,7-Eleven Randers SV,"Gl. Århusvej 3, 8940 Randers SV",8940,Randers SV,56.412923,10.07498
7-Eleven,7-Eleven Aalborg,"Bispensgade 20, 9000 Aalborg",9000,Aalborg,57.049458,9.918735
7-Eleven,7-Eleven Aalborg,"John F. Kennedys Plads 3, 9000 Aalborg",9000,Aalborg,57.043076,9.917084
7-Eleven,7-Eleven Aalborg,"Østerbro 75, 9000 Aalborg",9000,Aalborg,57.045659,9.945461
7-Eleven,7-Eleven Aalborg,"Reberbansgade 16B, 9000 Aalborg",9000,Aalborg,57.049636,9.91239
7-Eleven,7-Eleven Aalborg,"Hobrovej 20, 9000 Aalborg",9000,Aalborg,57.038275,9.908223
7-Eleven,7-Eleven Gistrup,"Hospitalsbyen 1, 9260 Gistrup",9260,Gistrup,57.009786,9.999279
7-Eleven,7-Eleven Vodskov,"Vodskovvej 16, 9310 Vodskov",9310,Vodskov,57.102245,10.023771
7-Eleven,7-Eleven Nørresundby,"Østergade 27, 9400 Nørresundby",9400,Nørresundby,57.058712,9.928409
7-Eleven,7-Eleven Aabybro,"Østergade 50, 9440 Aabybro",9440,Aabybro,57.157862,9.734877
7-Eleven,7-Eleven Hjørring,"Sprogøvej 3, 9800 Hjørring",9800,Hjørring,57.455597,10.041453
Lagkagehuset,Kongens Nytorv,"Kongens Nytorv 13, 1050 København K",1050,København K,55.67915,12.58483
Lagkagehuset,Illum,"Østergade 52, 1100 København K",1100,København K,55.67952,12.58059
Lagkagehuset,Ny Østergade,"Ny Østergade 12, 1101 København K",1101,København K,55.681155,12.583051
Lagkagehuset,Grønningen,"Grønningen 1, 1270 København K",1270,København K,55.687673,12.592094
Lagkagehuset,Kultorvet,"Frederiksborggade 6, 1360 København K",1360,København K,55.682958,12.573521
Lagkagehuset,Christianshavn,"Torvegade 45, 1400 København K",1400,København K,55.672526,12.591499
Lagkagehuset,Strøget,"Frederiksberggade 23, 1459 København K",1459,København K,55.676948,12.570782
Lagkagehuset,Hovedbanegården,"Bernstorffsgade 16, 1577 København V",1577,København V,55.673026,12.565684
Lagkagehuset,Vesterbrogade,"Vesterbrogade 4A, 1620 København V",1620,København V,55.674903,12.564509
Lagkagehuset,Hovedbanegården Reventlowsgade Butik,"Reventlowsgade 7, 1651 København V",1651,København V,55.672357,12.564081
Lagkagehuset,Carlsbergbyen,"Tapperitorvet 26, 1799 København V",1799,København V,55.663891,12.536407
Lagkagehuset,Værnedamsvej,"Værnedamsvej 1, 1819 Frederiksberg C",1819,Frederiksberg C,55.672956,12.549846
Lagkagehuset,Falkoner Allé 4,"Falkoner Alle 4, 2000 Frederiksberg",2000,Frederiksberg,55.67862,12.533583
Lagkagehuset,Falkoner Allé 80,"Falkoner Alle 80, 2000 Frederiksberg",2000,Frederiksberg,55.684769,12.538198
Lagkagehuset,Dampfærgevej,"Dampfærgevej 9, 2100 København Ø",2100,København Ø,55.697293,12.59427
Lagkagehuset,Nordre Frihavnsgade,"Nordre Frihavnsgade 28, 2100 København Ø",2100,København Ø,55.701297,12.580971
Lagkagehuset,Øster Fælled,"Østerfælled Torv 22, 2100 København Ø",2100,København Ø,55.705845,12.576156
Lagkagehuset,Nordhavn Meny,"Southamptongade 2, 2150 Nordhavn",2150,Nordhavn,55.707978,12.593578
Lagkagehuset,Nørrebrogade,"Nørrebrogade 120, 2200 København N",2200,København N,55.694173,12.549365
Lagkagehuset,Sortedam,"Sortedam Dossering 9, 2200 København N",2200,København N,55.688246,12.563434
Lagkagehuset,Amager Strandpark,"Amager Strandvej 112, 2300 København S",2300,København S,55.660311,12.632983
Lagkagehuset,Amagerbrogade,"Amagerbrogade 148, 2300 København S",2300,København S,55.656196,12.609219
Lagkagehuset,Fields,"Ørestads Boulevard 96, 2300 København S",2300,København S,55.630246,12.577217
Lagkagehuset,Islands Brygge,"Islands Brygge 43, 2300 København S",2300,København S,55.664038,12.573351
Lagkagehuset,Ørestad,"Kay Fiskers Plads 9, 2300 København S",2300,København S,55.62927,12.58023
Lagkagehuset,Vermlandsgade,"Vermlandsgade 53, 2300 København S",2300,København S,55.668604,12.607568
Lagkagehuset,Sluseholmen,"Sluseholmen 19B, 2450 København SV",2450,København SV,55.645805,12.547954
Lagkagehuset,Valby Langgade,"Valby Langgade 65, 2500 Valby",2500,Valby,55.666221,12.514562
Lagkagehuset,Rødovre,"Rødovre Centrum 1C, 2610 Rødovre",2610,Rødovre,55.679499,12.455575
Lagkagehuset,Rødovre Port,"Rødovre Port 3, 2610 Rødovre",2610,Rødovre,55.66507,12.45807
Lagkagehuset,Vallensbæk,"Vallensbæk Stationstorv 1, 2665 Vallensbæk Strand",2665,Vallensbæk Strand,55.624143,12.388063
Lagkagehuset,Solrød,"Solrød Strandvej 66, 2680 Solrød Strand",2680,Solrød Strand,55.534267,12.223902
Lagkagehuset,Karlslunde Meny,"Karlslunde Parkvej 7, 2690 Karlslunde",2690,Karlslunde,55.566993,12.268972
Lagkagehuset,Brønshøj Torv,"Frederikssundsvej 175, 2700 Brønshøj",2700,Brønshøj,55.70433,12.499208
Lagkagehuset,Vanløse Kronen,"Vanløse Torv 1, 2720 Vanløse",2720,Vanløse,55.687784,12.490865
Lagkagehuset,Skovlunde,"Bybuen 32, 2740 Skovlunde",2740,Skovlunde,55.721592,12.402118
Lagkagehuset,Copenhagen Airport 1,"Terminalvej Airside 12, 2770 Kastrup",2770,Kastrup,55.628165,12.649979
Lagkagehuset,Copenhagen Airport 2,"Kastrup Tværvej C 6, 2770 Kastrup",2770,Kastrup,55.628181,12.649893
Lagkagehuset,Copenhagen Airport 4,"Vestvej 7, 2770 Kastrup",2770,Kastrup,55.628765,12.64343
Lagkagehuset,Copenhagen Airport 5,"Jens Egebjergvej 8, 2770 Kastrup",2770,Kastrup,55.61821,12.65078
Lagkagehuset,Copenhagen Airport 6,"Bravovej 2, 2770 Kastrup",2770,Kastrup,55.61824,12.65112
Lagkagehuset,Dragør,"Kongevejen 9A, 2791 Dragør",2791,Dragør,55.59407,12.671756
Lagkagehuset,Lyngby,"Lyngby Hovedgade 43, 2800 Kongens Lyngby",2800,Kongens Lyngby,55.77012,12.50432
Lagkagehuset,Lyngby Station,"Jernbanepladsen 47B, 2800 Kongens Lyngby",2800,Kongens Lyngby,55.768571,12.503108
Lagkagehuset,Virum,"Geels Plads 6, 2830 Virum",2830,Virum,55.795389,12.474206
Lagkagehuset,Holte,"Holte Stationsvej 12A, 2840 Holte",2840,Holte,55.810668,12.470841
Lagkagehuset,Nærum Meny,"Nærumvænge Torv 18, 2850 Nærum",2850,Nærum,55.81439,12.53008
Lagkagehuset,Søborg Hovedgade,"Søborg Hovedgade 96, 2860 Søborg",2860,Søborg,55.735867,12.511777
Lagkagehuset,Bagsværd,"Bagsværd Hovedgade 128, 2880 Bagsværd",2880,Bagsværd,55.760556,12.455255
Lagkagehuset,Hellerup,"Strandvejen 100, 2900 Hellerup",2900,Hellerup,55.732754,12.575657
Lagkagehuset,Charlottenlund,"Jægersborg Alle 4, 2920 Charlottenlund",2920,Charlottenlund,55.753207,12.572851
Lagkagehuset,Ordrup Meny,"Ordrupvej 60, 2920 Charlottenlund",2920,Charlottenlund,55.762956,12.577294
Lagkagehuset,Rungsted,"Rungsted Bytorv 4, 2960 Rungsted Kyst",2960,Rungsted Kyst,55.883292,12.528601
Lagkagehuset,Hørsholm,"Syrenvej 2, 2970 Hørsholm",2970,Hørsholm,55.88649,12.497735
Lagkagehuset,Espergærde Meny,"Øster Torv 10, 3060 Espergærde",3060,Espergærde,55.994835,12.546014
Lagkagehuset,Hundested Meny Butik,"Nørregade 11, 3390 Hundested",3390,Hundested,55.965198,11.851201
Lagkagehuset,Hillerød,"Søndre Jernbanevej 32, 3400 Hillerød",3400,Hillerød,55.926804,12.310598
Lagkagehuset,Hillerød Meny Butik,"Fredskovhellet 1A, 3400 Hillerød",3400,Hillerød,55.931149,12.334425
Lagkagehuset,Birkerød Meny,"Vasevej 119A, 3460 Birkerød",3460,Birkerød,55.827248,12.431802
Lagkagehuset,Værløse,"Bymidten 23, 3500 Værløse",3500,Værløse,55.784269,12.373829
Lagkagehuset,Roskilde,"Algade 6, 4000 Roskilde",4000,Roskilde,55.640975,12.082492
Lagkagehuset,Roskilde Meny,"Skomagergade 11, 4000 Roskilde",4000,Roskilde,55.640838,12.078491
Lagkagehuset,Holbæk,"Ahlgade 53, 4300 Holbæk",4300,Holbæk,55.717363,11.714308
Lagkagehuset,Holbæk Meny Butik,"Smedelundsgade 24, 4300 Holbæk",4300,Holbæk,55.714666,11.71575
Lagkagehuset,Køge,"Rådhusstræde 8E, 4600 Køge",4600,Køge,55.457386,12.185603
Lagkagehuset,Rønnede Meny,"Vemmetoftevej 26, 4640 Faxe",4640,Faxe,55.259309,12.222039
Lagkagehuset,Haslev Meny,"Stationspladsen 4, 4690 Haslev",4690,Haslev,55.32916,11.960983
Lagkagehuset,Næstved Meny Butik,"Østergade 16, 4700 Næstved",4700,Næstved,55.228824,11.762147
Lagkagehuset,Odense,"Vestergade 1, 5000 Odense C",5000,Odense C,55.39665,10.389144
Lagkagehuset,Odense Vestre Stationsvej,"Vestre Stationsvej 3B, 5000 Odense C",5000,Odense C,55.398518,10.377555
Lagkagehuset,Odense Meny,"Mågebakken 4, 5250 Odense SV",5250,Odense SV,55.365492,10.343286
Lagkagehuset,"Odense, Dalum","Dalumvej 5, 5250 Odense SV",5250,Odense SV,55.373784,10.369304
Lagkagehuset,Middelfart,"Østergade 14, 5500 Middelfart",5500,Middelfart,55.504142,9.736532
Lagkagehuset,Kolding Domhusgade Meny Butik,"Domhusgade 6, 6000 Kolding",6000,Kolding,55.484325,9.479221
Lagkagehuset,Kolding Galgebjergvej Meny Butik,"Galgebjergvej 8, 6000 Kolding",6000,Kolding,55.501065,9.456145
Lagkagehuset,"Kolding, Lyshøj Allé","Lyshøj Alle 8, 6000 Kolding",6000,Kolding,55.502184,9.527731
Lagkagehuset,"Kolding, Sydbanegade","Sydbanegade 13, 6000 Kolding",6000,Kolding,55.486514,9.476848
Lagkagehuset,Haderslev,"Teaterstien 2A, 6100 Haderslev",6100,Haderslev,55.252101,9.490768
Lagkagehuset,Haderslev Meny,"Gåskærgade 38, 6100 Haderslev",6100,Haderslev,55.252662,9.484788
Lagkagehuset,Aabenraa,"H P Hanssens Gade 25, 6200 Aabenraa",6200,Aabenraa,55.045249,9.421757
Lagkagehuset,Rødekro,"Hærvejen 18, 6230 Rødekro",6230,Rødekro,55.07229,9.335701
Lagkagehuset,Gråsten,"Ulsnæs 10, 6300 Gråsten",6300,Gråsten,54.911672,9.588985
Lagkagehuset,Sønderborg,"Jernbanegade 28, 6400 Sønderborg",6400,Sønderborg,54.910383,9.791396
Lagkagehuset,Vamdrup,"Nørregade 8A, 6580 Vamdrup",6580,Vamdrup,55.427266,9.283736
Lagkagehuset,Fredericia,"Vejlevej 55, 7000 Fredericia",7000,Fredericia,55.569033,9.726377
Lagkagehuset,Fredericia Meny,"Indre Ringvej 25, 7000 Fredericia",7000,Fredericia,55.569653,9.742271
Lagkagehuset,Vejle,"Torvegade 2, 7100 Vejle",7100,Vejle,55.707804,9.533022
Lagkagehuset,Vejle DTC,"Dtc Torvet 20, 7100 Vejle",7100,Vejle,55.748882,9.58859
Lagkagehuset,Vejle Station,"Banegårdspladsen 3A, 7100 Vejle",7100,Vejle,55.706826,9.536545
Lagkagehuset,Bredballe,"Bredballe Center 24, 7120 Vejle Øst",7120,Vejle Øst,55.71895,9.61008
Lagkagehuset,Billund Airport,"Passagerterminalen 10, 7190 Billund",7190,Billund,55.746324,9.149293
Lagkagehuset,Herning,"Poulsgade 2, 7400 Herning",7400,Herning,56.132577,8.984216
Lagkagehuset,Herning Meny,"Dæmningen 17, 7400 Herning",7400,Herning,56.132601,8.960489
Lagkagehuset,Skive,"Sdr Boulevard 7, 7800 Skive",7800,Skive,56.563618,9.030507
Lagkagehuset,Aarhus,"M.P. Bruuns Gade 34, 8000 Aarhus C",8000,Aarhus C,56.148408,10.203228
Lagkagehuset,Aarhus Magasin,"Immervad 2, 8000 Aarhus C",8000,Aarhus C,56.157212,10.206826
Lagkagehuset,Langenæs,"Langenæs Allé 14, 8000 Aarhus C",8000,Aarhus C,56.143587,10.186399
Lagkagehuset,Thorvaldensgade,"Thorvaldsensgade 26A, 8000 Aarhus C",8000,Aarhus C,56.156584,10.195785
Lagkagehuset,Grenåvej,"Grenåvej 275, 8240 Risskov",8240,Risskov,56.19977,10.237019
Lagkagehuset,Risskov,"Nordre Strandvej 45, 8240 Risskov",8240,Risskov,56.195095,10.247044
Lagkagehuset,Risskov Meny Butik,"Møllehatten 25, 8240 Risskov",8240,Risskov,56.187343,10.214403
Lagkagehuset,Højbjerg,"Rosenvangs Allé 187, 8270 Højbjerg",8270,Højbjerg,56.120075,10.19157
Lagkagehuset,Galten,"Søndergade 47, 8464 Galten",8464,Galten,56.149794,9.902195
Lagkagehuset,Silkeborg,"Nørrevænget 34, 8600 Silkeborg",8600,Silkeborg,56.183784,9.544867
Lagkagehuset,Kjellerup,"Bryggerstræde 9, 8620 Kjellerup",8620,Kjellerup,56.288859,9.431992
Lagkagehuset,Skanderborg Meny,"Højvang Centret 4, 8660 Skanderborg",8660,Skanderborg,56.044479,9.948233
Lagkagehuset,Horsens LG Torv,"Lilli Gyldenkildes Torv 5, 8700 Horsens",8700,Horsens,55.858525,9.847595
Lagkagehuset,Horsens Meny,"Jenny Kammersgaards Vej 2A, 8700 Horsens",8700,Horsens,55.859722,9.867844
Lagkagehuset,Lokesallé,"Lokesalle 30, 8700 Horsens",8700,Horsens,55.84807,9.82192
Lagkagehuset,Viborg,"Jegstrupvej 16, 8800 Viborg",8800,Viborg,56.45482,9.393587
Lagkagehuset,Viborg Meny,"Fabrikvej 2, 8800 Viborg",8800,Viborg,56.466898,9.400226
Lagkagehuset,Randers,"Torvegade 2, 8900 Randers C",8900,Randers C,56.460696,10.036448
Lagkagehuset,"Randers, Aarhusvej","Messingvej 8, 8940 Randers SV",8940,Randers SV,56.429732,10.053857
Lagkagehuset,Aalborg Magasin,"Nørregade 11, 9000 Aalborg",9000,Aalborg,57.047108,9.926502
Lagkagehuset,Østre Havn Meny,"Østre Havnegade 11, 9000 Aalborg",9000,Aalborg,57.0474,9.938779
Lagkagehuset,Aalborg,"Otto Mønsteds Vej 1, 9200 Aalborg SV",9200,Aalborg SV,57.014954,9.895102
Lagkagehuset,Aabybro Meny,"Aabybro Centret 12, 9440 Aabybro",9440,Aabybro,57.159484,9.735032
Lagkagehuset,Hjørring Meny,"Frederikshavnsvej 42, 9800 Hjørring",9800,Hjørring,57.455201,10.005305
