Kæde,Navn,Adresse,Postnr,By,Latitude,Longitude
Burger King,Copenhagen Nørreport,"Frederiksborggade 12, 1360 København K",1360,København K,55.683237,12.573066
Burger King,Copenhagen Rådhuspladsen,"Rådhuspladsen 55, 1550 Kbh V",1550,Kbh V,55.676448,12.569685
Burger King,Copenhagen Vesterbrogade,"Vesterbrogade 2B, 1620 Kbh V",1620,Kbh V,55.675663,12.566613
Burger King,Ørestad,"Hannemanns Allé 30, 2300 København S",2300,København S,55.626062,12.577081
Burger King,Copenhagen Fields,"Arne Jacobsens Allé 12, 2300 København S",2300,København S,55.630566,12.57748
Burger King,Poppelstykket,"Ellebjergvej 142, 2450 København SV",2450,København SV,55.65104,12.509646
Burger King,Brøndby,"Søndre Ringvej 41, 2605 Brøndby",2605,Brøndby,55.655031,12.395342
Burger King,Rødovre,"Jyllingevej 336C, 2610 Rødovre",2610,Rødovre,55.692257,12.434044
Burger King,Taastrup,"Helgeshøj Alle 32B, 2630 Taastrup",2630,Taastrup,55.66125,12.283589
Burger King,Ishøj,"Vejleåvej 17, 2635 Ishøj",2635,Ishøj,55.623419,12.321986
Burger King,Greve,"Mosede Landevej 58, 2670 Greve",2670,Greve,55.584082,12.257568
Burger King,Vanløse,"Frode Jakobsens Plads 2, 2720 Vanløse",2720,Vanløse,55.68687,12.491013
Burger King,Kastrup (Lufthavnen),"Københavns Lufthavn, Terminal 3, Landside 1. sal, 2770 Kastrup",2770,Kastrup,55.629985,12.653485
Burger King,Lyngby,"Lyngby Kulturcenter, Klampenborgvej 215 J, 2800 Lyngby",2800,Lyngby,55.771146,12.507487
Burger King,Hillerød,"Sigrunsvej 2, 3400 Hillerød",3400,Hillerød,55.932524,12.262263
Burger King,Frederikssund Sillebroen,"Nygade 1, 3600 Frederikssund",3600,Frederikssund,55.836002,12.064436
Burger King,Roskilde,"Køgevej 101, 4000 Roskilde",4000,Roskilde,55.626552,12.091857
Burger King,Ringsted,"Klosterparks Alle 6, 4100 Ringsted",4100,Ringsted,55.453044,11.789271
Burger King,Slagelse,"Idagårdsvej 6, 4200 Slagelse",4200,Slagelse,55.392318,11.352456
Burger King,Køge,"Nordhøj 4, 4600 Køge",4600,Køge,55.488625,12.162482
Burger King,Næstved,"Erantisvej 48-50, 4700 Næstved",4700,Næstved,55.23843,11.77808
Burger King,Nykøbing Falster,"Guldborgsundcentret 4, 4800 Nykøbing Falster",4800,Nykøbing Falster,54.759686,11.855024
Burger King,Nørre Alslev,"Baltivej 12, 4840 Nørre Alslev",4840,Nørre Alslev,54.898899,11.918619
Burger King,Odense Ørbækvej,"Ørbækvej 232, 5220 Odense SØ",5220,Odense SØ,55.377587,10.436001
Burger King,Odense Roulund,"Drejebænken 3, 5260 Odense",5260,Odense,55.354222,10.420827
Burger King,Middelfart,"Skovsvinget 27, 5500 Middelfart",5500,Middelfart,55.512019,9.766172
Burger King,Nyborg,"Slipshavnsvej 5, 5800 Nyborg",5800,Nyborg,55.30755,10.812712
Burger King,Kolding DT (Vejlevej),"Vejlevej 114, 6000 Kolding",6000,Kolding,55.50294,9.459266
Burger King,Kolding Syd,"Vonsildvej 1, 6000 Kolding",6000,Kolding,55.469348,9.471743
Burger King,Haderslev,"Laurids Skaus Gade 36, 6100 Haderslev",6100,Haderslev,55.254082,9.482457
Burger King,Rødekro,"Kometvej 6A, 6230 Rødekro",6230,Rødekro,55.069174,9.362143
Burger King,Tønder,"Nordre Landevej 26, 6270 Tønder",6270,Tønder,54.950001,8.885809
Burger King,Sønderborg,"Ingolf Nielsen Vej 1, 6400 Sønderborg",6400,Sønderborg,54.926698,9.78194
Burger King,Esbjerg Broen,"Exnersgade 18, 6700 Esbjerg",6700,Esbjerg,55.465456,8.458878
Burger King,Esbjerg Gjesing (Gl Vardevej),"Gl Vardevej 243, 6715 Esbjerg N",6715,Esbjerg N,55.508436,8.453165
Burger King,Ribe,"Ole Rømers Vej 3, 6760 Ribe",6760,Ribe,55.352462,8.781618
Burger King,Fredericia,"Snaremosevej 180-182, 7000 Fredericia",7000,Fredericia,55.537089,9.717174
Burger King,Vejle,"Horsensvej 121, 7100 Vejle",7100,Vejle,55.722548,9.570185
Burger King,Vejle Syd,"Godthåbsvej 53, 7100 Vejle",7100,Vejle,55.663004,9.548803
Burger King,Brande,"Sjællandsvej 4, 7330 Brande",7330,Brande,55.927998,9.159447
Burger King,Holstebro,"Nyholmvej 3-6, 7500 Holstebro",7500,Holstebro,56.377702,8.620432
Burger King,Skive,"Østergårdsbakken 1A, 7800 Skive",7800,Skive,56.569685,8.998206
Burger King,Århus,"Banegårdspladsen 10, 8000 Aarhus C",8000,Aarhus C,56.150829,10.203694
Burger King,Trøjborg,"Otte Ruds Gade 98, 8200 Aarhus",8200,Aarhus,56.172507,10.21184
Burger King,Viby,"Ormslevvej 40, 8260 Viby J",8260,Viby J,56.130885,10.160072
Burger King,Tilst,"Blomstervej 2R, 8381 Tilst",8381,Tilst,56.182844,10.123874
Burger King,Galten,"Erhvervsparken Klank 2, 8464 Galten",8464,Galten,56.14675,9.91837
Burger King,Lystrup,"Lægårdsvej 6, 8520 Lystrup",8520,Lystrup,56.225499,10.238493
Burger King,Silkeborg,"Viborgvej 14, 8600 Silkeborg",8600,Silkeborg,56.185426,9.543605
Burger King,Horsens,"Vrøndingvej 1C, 8700 Horsens",8700,Horsens,55.885812,9.787788
Burger King,Hedensted,"Kildeparken 10, 8722 Hedensted",8722,Hedensted,55.786033,9.668334
Burger King,Viborg,"Holstebrovej 6A, 8800 Viborg",8800,Viborg,56.45008,9.387965
Burger King,Randers N,"Mariagervej 157, 8920 Randers",8920,Randers,56.480443,10.026286
Burger King,Randers,"Gamle Århusvej 5, 8940 Randers",8940,Randers,56.412395,10.076472
Burger King,Aalborg City,"Østerågade 14, 9000 Aalborg",9000,Aalborg,57.049521,9.922415
Burger King,Aalborg SV,"Nibevej 1 B, 9200 Aalborg SV",9200,Aalborg SV,57.006196,9.881238
Burger King,Svenstrup,"Skjoldet 4, 9230 Svenstrup",9230,Svenstrup,56.953146,9.86473
Burger King,Aabybro,"Teknologisvinget 5, 9440 Aabybro",9440,Aabybro,57.150275,9.749139
Burger King,Haverslev,"Industriparken 11, Haverslev, 9610 Nørager",9610,Nørager,56.784101,9.695102
Burger King,Hjørring,"Frederikshavnsvej 86, 9800 Hjørring",9800,Hjørring,57.455267,10.014844
Burger King,Frederikshavn,"Danmarksgade 3B, 9900 Frederikshavn",9900,Frederikshavn,57.445094,10.539507
Carl's Jr.,Carl's Jr Slagelse,"Idagårdsvej 1, 4200 Slagelse",4200,Slagelse,55.390492,11.355228
Carl's Jr.,Carl's Jr Holbæk,"Spånnebæk 1A, 4300 Holbæk",4300,Holbæk,55.707053,11.713231
Carl's Jr.,Carl's Jr Næstved Storcenter,"Næstved Storcenter 1, 4700 Næstved",4700,Næstved,55.253188,11.782782
Carl's Jr.,Carl's Jr Odense,"Niels Bohrs Alle 150, 5230 Odense",5230,Odense,55.377048,10.432013
Carl's Jr.,Carl's Jr Nyborg,"Storebæltsvej 7A, 5800 Nyborg",5800,Nyborg,55.308654,10.8078
Carl's Jr.,Carl's Jr Kolding Storcenter,"Skovvangen 40-42, 6000 Kolding",6000,Kolding,55.511859,9.459589
Carl's Jr.,Carl's Jr Sønderborg,"Grundtvigs Alle 195, 6400 Sønderborg",6400,Sønderborg,54.922784,9.807952
Carl's Jr.,Carl's Jr Vejle,"Solkilde Alle 2, 7100 Vejle",7100,Vejle,55.724056,9.582311
Carl's Jr.,Carl's Jr Storcenter Nord,"Finlandsgade 17, 8200 Aarhus N",8200,Aarhus N,56.169353,10.188777
Carl's Jr.,Carl's Jr Skejby,"Karl Krøyers Vej 19-21, 8200 Aarhus N",8200,Aarhus N,56.206116,10.173462
Carl's Jr.,Carl's Jr Tilst,"Agerøvej 7, 8381 Tilst",8381,Tilst,56.182396,10.104932
Carl's Jr.,Carl's Jr Recharge Horsens,"Kai Lindbergs Vej 4A, 8700 Horsens",8700,Horsens,55.845813,9.734644
Carl's Jr.,Carl's Jr Viborg,"Holstebrovej 79, 8800 Viborg",8800,Viborg,56.446565,9.367845
Carl's Jr.,Carl's Jr Randers Storcenter,"Merkurvej 55, 8960 Randers SØ",8960,Randers SØ,56.42967,10.063987
Carl's Jr.,Carl's Jr Skalborg,"Hobrovej 450, 9200 Aalborg SV",9200,Aalborg SV,57.004686,9.876171
Cocks & Cows,Cocks & Cows Gammel Strand (flagship),"Gammel Strand 34, 1202 København",1202,København,55.677815,12.578815
Cocks & Cows,Cocks & Cows SP34,"Sankt Peders Stræde 38, 1453 København",1453,København,55.678717,12.566651
Cocks & Cows,Cocks & Cows Tivoli Food Hall,"Vesterbrogade 3, 1620 København V",1620,København V,55.674654,12.565659
Cocks & Cows,Cocks & Cows Camping Bar Kødbyen,"Kødboderne 9, 1714 København V",1714,København V,55.666904,12.559044
Cocks & Cows,Cocks & Cows CPH Airport (Terminal 2),"Terminalgade 6, 2770 Kastrup",2770,Kastrup,55.629208,12.645406
Cocks & Cows,Cocks & Cows Lyngby,"Lyngby Hovedgade 78, 2800 Kongens Lyngby",2800,Kongens Lyngby,55.768878,12.505401
Cocks & Cows,Cocks & Cows Tisvilde (seasonal),"Hovedgaden 78, 3220 Tisvildeleje",3220,Tisvildeleje,56.05911,12.070004
Domino's Pizza,Domino's Amagerbrogade,"Amagerbrogade 28, 2300 København S",2300,København S,55.665045,12.599594
Domino's Pizza,Domino's Rødovre Port,"Rødovre Port 9, 2610 Rødovre",2610,Rødovre,55.665118,12.457382
Domino's Pizza,Domino's Hvidovre,"Hvidovrevej 261, 2650 Hvidovre",2650,Hvidovre,55.639342,12.479605
Domino's Pizza,Domino's Greve Waves,"Over Bølgen 37, 2670 Greve",2670,Greve,55.597364,12.327196
Domino's Pizza,Domino's Roskilde,"Københavnsvej 13, 4000 Roskilde",4000,Roskilde,55.641259,12.096758
Domino's Pizza,Domino's Slagelse,"Sdr.Stationsvej 28K, 4200 Slagelse",4200,Slagelse,55.407128,11.348149
Espresso House,Espresso House,"Kongens Nytorv 24, 1050 København K",1050,København K,55.681469,12.585501
Espresso House,Espresso House Købmagergade,"Købmagergade 53, 1150 København K",1150,København K,55.681427,12.574979
Espresso House,Espresso Hourse Vimmelskaftet,"Vimmelskaftet 48A, 1161 København K",1161,København K,55.678631,12.573862
Espresso House,Espresso House Administration,"Vimmelskaftet 43, 1161 København K",1161,København K,55.678575,12.575141
Espresso House,Espresso House,"Højbro Plads 3, 1200 København K",1200,København K,55.678713,12.580055
Espresso House,Espresso House,"Frederiksborggade 24, 1360 København K",1360,København K,55.684217,12.570592
Espresso House,Espresso House,"Torvegade 35, 1400 København K",1400,København K,55.672886,12.590864
Espresso House,Espresso House,"Frederiksberggade 11C, 1459 København K",1459,København K,55.677262,12.571347
Espresso House,Espresso House - Rådhuspladsen,"Rådhuspladsen 16, 1550 København V",1550,København V,55.675839,12.567325
Espresso House,Espresso House Fisketorvet,"Havneholmen 5, 1561 København V",1561,København V,55.661492,12.561164
Espresso House,Espresso House Scandic Spectrum,"Mitchellsgade 2, 1568 København V",1568,København V,55.669141,12.572862
Espresso House,Espresso House Tivoli,"Bernstorffsgade 1A, 1577 København V",1577,København V,55.674231,12.565381
Espresso House,Espresso House - Webers,"Vesterbrogade 11C, 1620 København V",1620,København V,55.673136,12.560939
Espresso House,Espresso House,"Vesterbrogade 3B, 1620 København V",1620,København V,55.674512,12.565016
Espresso House,Espresso House,"Oslo Plads 8, 2100 København Ø",2100,København Ø,55.692452,12.587294
Espresso House,Espresso House,"Juliane Maries Vej 8, 2100 København Ø",2100,København Ø,55.695661,12.565971
Espresso House,Espresso House Fields,"Ørestads Boulevard 96, 2300 København S",2300,København S,55.630243,12.577077
Espresso House,Espresso House Fields 1.,"Ørestads Boulevard 94, 2300 København S",2300,København S,55.630121,12.577651
Espresso House,Espresso House - Amager Centret,"Reberbanegade 3, 2300 København S",2300,København S,55.662909,12.603745
Espresso House,Espresso House Valby,"Valby Torvegade 12, 2500 Valby",2500,Valby,55.664997,12.511742
Espresso House,Espresso House,"Glostrup Shoppingcenter 19, 2600 Glostrup",2600,Glostrup,55.665073,12.399094
Espresso House,Espresso House - Rødovre Centrum,"Rødovre Centrum 202, 2610 Rødovre",2610,Rødovre,55.67977,12.456719
Espresso House,Espresso House - City 2,"Cityringen 2, 2630 Taastrup",2630,Taastrup,55.643948,12.275973
Espresso House,Espresso House Taastrup,"Helgeshøj Alle 32E, 2630 Taastrup",2630,Taastrup,55.661035,12.285197
Espresso House,Espresso House Waves,"Over Bølgen 10, 2670 Greve",2670,Greve,55.597953,12.328939
Espresso House,Espresso House - Herlev Bymidte,"Herlev Torv 2, 2730 Herlev",2730,Herlev,55.723623,12.43938
Espresso House,Espresso House,"Banetoften 30, 2750 Ballerup",2750,Ballerup,55.729666,12.357507
Espresso House,Espresso house,"Lufthavnstorvet 2, 2770 Kastrup",2770,Kastrup,55.628566,12.64629
Espresso House,Espresso House Københavns Lufthavn,"Lufthavnsboulevarden 6, 2770 Kastrup",2770,Kastrup,55.629445,12.639827
Espresso House,Espresso House - Landside,"Kastrup Tværvej B 1, 2770 Kastrup",2770,Kastrup,55.629634,12.649173
Espresso House,Espresso House Denmark,"Terminalvej Airside 8, 2770 Kastrup",2770,Kastrup,55.62782,12.652519
Espresso House,Espresso House Lyngby Hovedgade,"Lyngby Hovedgade 49B, 2800 Kongens Lyngby",2800,Kongens Lyngby,55.769555,12.505086
Espresso House,Espresso House,"Klampenborgvej 230A, 2800 Kongens Lyngby",2800,Kongens Lyngby,55.771875,12.506615
Espresso House,Espresso House,"Tuborg Havnevej 4, 2900 Hellerup",2900,Hellerup,55.725752,12.578355
Espresso House,Espresso House - Hørsholm Midtpunkt,"Hørsholm Midtpunkt 141, 2970 Hørsholm",2970,Hørsholm,55.881516,12.497118
Espresso House,Espresso House Hørsholm,"Ådalsvej 50, 2970 Hørsholm",2970,Hørsholm,55.901705,12.487037
Espresso House,Espresso House Hillerød,"Slotsarkaderne 27, 3400 Hillerød",3400,Hillerød,55.92882,12.29874
Espresso House,Espresso House,"Emblasvang 2, 3400 Hillerød",3400,Hillerød,55.927111,12.264687
Espresso House,Espresso House Ros Torv,"Ro's Torv 3, 4000 Roskilde",4000,Roskilde,55.641873,12.10007
Espresso House,Espresso House,"Klosterparks Alle 19, 4100 Ringsted",4100,Ringsted,55.451524,11.786669
Espresso House,Espresso House Denmark,"Vestsjællandscentret 10F, 4200 Slagelse",4200,Slagelse,55.406367,11.35512
Espresso House,Espresso House,"Adamsgade 31, 5000 Odense C",5000,Odense C,55.401447,10.386662
Espresso House,Espresso House,"Gørtlervej 6, 5220 Odense SØ",5220,Odense SØ,55.383691,10.426021
Espresso House,Espresso House Kolding storcenter,"Skovvangen 42, 6000 Kolding",6000,Kolding,55.51339,9.45865
Espresso House,Espresso House Kolding (Plantorama),"Skovvangen 41, 6000 Kolding",6000,Kolding,55.511147,9.461778
Espresso House,Espresso House - Borgen Shopping,"Østergade 4A, 6400 Sønderborg",6400,Sønderborg,54.908902,9.792744
Espresso House,Espresso House - Esbjerg,"Kongensgade 68, 6700 Esbjerg",6700,Esbjerg,55.466258,8.448746
Espresso House,Lalandia Søndervig Espresso House,"Vestkystvej 2, 6950 Ringkøbing",6950,Ringkøbing,56.120539,8.120088
Espresso House,Espresso House Vejle,"Rådhustorvet 6, 7100 Vejle",7100,Vejle,55.707736,9.532755
Espresso House,Espresso House Lalandia Billund,"Ellehammers Alle 9, 7190 Billund",7190,Billund,55.733609,9.134652
Espresso House,Espresso House - Herning Centret,"Golfvej 19, 7400 Herning",7400,Herning,56.135634,8.998196
Espresso House,Espresso House - Holstebro,"Nørregade 12A, 7500 Holstebro",7500,Holstebro,56.358947,8.617235
Espresso House,Espresso House,"Ryesgade 22A, 8000 Aarhus C",8000,Aarhus C,56.151785,10.204775
Espresso House,Espresso House,"Banegårdspladsen 14, 8000 Aarhus C",8000,Aarhus C,56.15101,10.202731
Espresso House,Espresso House Bruuns Galleri,"Værkmestergade 27, 8000 Aarhus C",8000,Aarhus C,56.149029,10.204901
Espresso House,Espresso House,"Frederiksgade 5, 8000 Aarhus C",8000,Aarhus C,56.156299,10.206858
Espresso House,Espresso House,"Søndergade 15, 8000 Aarhus C",8000,Aarhus C,56.154876,10.207235
Espresso House,Espresso House,"Grenåvej 517B, 8250 Egå",8250,Egå,56.233174,10.294612
Espresso House,Espresso House Tilst,"Anelystparken 50, 8381 Tilst",8381,Tilst,56.184521,10.096375
Espresso House,Espresso House,"Bispensgade 16, 9000 Aalborg",9000,Aalborg,57.049523,9.919269
Espresso House,Espresso House,"Nyhavnsgade 10, 9000 Aalborg",9000,Aalborg,57.047893,9.926619
Espresso House,Espresso House,"John F. Kennedys Plads 1R, 9000 Aalborg",9000,Aalborg,57.041985,9.918546
Espresso House,Espresso House - Hjørring,"Østergade 30, 9800 Hjørring",9800,Hjørring,57.457723,9.990915
Five Guys,Five Guys Field's,"Arne Jacobsens Allé 12, 2300 København S",2300,København S,55.631119,12.576013
Gasoline Grill,Gasoline Grill - Købmagergade,"Købmagergade 23, 1150 København K",1150,København K,55.680128,12.578687
Gasoline Grill,Gasoline Grill - Niels Hemmingsens Gade,"Niels Hemmingsens Gade 20, 1153 København K",1153,København K,55.679546,12.577402
Gasoline Grill,Gasoline Grill - Landgreven (OG),"Landgreven 10, 1301 København K",1301,København K,55.683251,12.585038
Gasoline Grill,Gasoline Grill - Broens Gadekøkken,"Strandgade 95, 1401 København K",1401,København K,55.677813,12.597284
Gasoline Grill,Gasoline Grill - Værnedamsvej,"Værnedamsvej 2, 1619 København V",1619,København V,55.672999,12.550123
Gasoline Grill,Gasoline Grill - Tivoli,"Vesterbrogade 3, 1620 København V",1620,København V,55.673271,12.567524
Gasoline Grill,Gasoline Grill - Carlsberg Byen,"Bryggernes Plads 1, 1799 København V",1799,København V,55.666941,12.532726
Gasoline Grill,Gasoline Grill - Parken,"Øster Allé 56, 2100 København Ø",2100,København Ø,55.702752,12.570694
Gasoline Grill,"Gasoline Grill - CPH Airport (Terminal 2, between Gates B and C)","Lufthavnsboulevarden 14, 2770 Kastrup",2770,Kastrup,55.628346,12.64863
Gasoline Grill,Gasoline Grill - Hellerup,"Strandvejen 201, 2900 Hellerup",2900,Hellerup,55.737074,12.575139
Halifax,Halifax Nørrebro (Frederiksborggade),"Frederiksborggade 35, 1360 København K",1360,København K,55.685429,12.566633
Halifax,Halifax København K,"Larsbjørnsstræde 9, 1454 København K",1454,København K,55.678154,12.569547
Halifax,Halifax Vesterbro,"Vesterbrogade 72, 1620 København V",1620,København V,55.672822,12.551665
Halifax,Halifax Frederiksberg,"Falkoner Plads 1, 2000 Frederiksberg",2000,Frederiksberg,55.680355,12.530808
Halifax,Halifax Østerbro,"Trianglen 1, 2100 København Ø",2100,København Ø,55.698981,12.577809
Halifax,Halifax Amager,"Amagerbro Torv 13, 2300 København S",2300,København S,55.663414,12.603823
Halifax,Halifax Valby,"Skolegade 9, 2500 Valby",2500,Valby,55.665487,12.513538
Halifax,Halifax Lyngby,"Nørgaardsvej 1B, 2800 Kongens Lyngby",2800,Kongens Lyngby,55.769676,12.505358
Halifax,Halifax Hillerød,"Torvet 6, 3400 Hillerød",3400,Hillerød,55.929713,12.302183
Halifax,Halifax Roskilde,"Skomagergade 38, 4000 Roskilde",4000,Roskilde,55.640806,12.076872
Halifax,Halifax Køge,"Antoniestræde 4, 4600 Køge",4600,Køge,55.455893,12.184213
Jagger,Jagger Indre By,"Købmagergade 43, 1150 København K",1150,København K,55.680823,12.577016
Jagger,Jagger Rådhuspladsen,"H.C. Andersens Boulevard 12, 1553 København V",1553,København V,55.676662,12.566398
Jagger,Jagger Vesterbro,"Istedgade 62, 1650 København V",1650,København V,55.669747,12.554751
Jagger,Jagger Falkoner Allé,"Falkoner Allé 84, 2000 Frederiksberg",2000,Frederiksberg,55.685042,12.538546
Jagger,Jagger FRB. Centret,"Falkoner Allé 21, 2000 Frederiksberg",2000,Frederiksberg,55.681463,12.534059
Jagger,Jagger Østerbro,"Nordre Frihavnsgade 58, 2100 København Ø",2100,København Ø,55.702415,12.583591
Jagger,Jagger Nordhavn,"Göteborg Plads 19, 2150 Nordhavn",2150,Nordhavn,55.707094,12.596326
Jagger,Jagger Nørrebro,"Nørrebrogade 114, 2200 København N",2200,København N,55.693706,12.5501
Jagger,Jagger Amagerbro,"Amagerbrogade 128, 2300 København S",2300,København S,55.657669,12.608109
Jagger,Jagger Strandlodsvej,"Strandlodsvej 15D, 2300 København S",2300,København S,55.664897,12.622213
Jagger,Jagger Sluseholmen,"Sluseholmen 12A, 2450 København SV",2450,København SV,55.644741,12.547179
Jagger,Jagger Valby,"Valby Langgade 45, 2500 Valby",2500,Valby,55.666523,12.517626
Jagger,Jagger Rødovre,"Rødovre Centrum 1R (2020), 2610 Rødovre",2610,Rødovre,55.679904,12.457983
Jagger,Jagger Brønshøj,"Frederikssundsvej 164, 2700 Brønshøj",2700,Brønshøj,55.705002,12.496737
Jagger,Jagger Vanløse,"Jernbane Allé 45C, 2720 Vanløse",2720,Vanløse,55.68781,12.489607
Jagger,Jagger Lyngby,"Klampenborgvej 215C, 2800 Kgs. Lyngby",2800,Kgs. Lyngby,55.771367,12.507212
Jagger,Jagger Søborg,"Søborg Hovedgade 35A, 2860 Søborg",2860,Søborg,55.73079,12.52036
Jagger,Jagger Hellerup,"Strandvejen 149, 2900 Hellerup",2900,Hellerup,55.730412,12.576192
Joe & The Juice,Joe & The Juice,"Kongens Nytorv 13, 1050 København K",1050,København K,55.679086,12.584775
Joe & The Juice,Joe & The Juice,"Bremerholm 4, 1069 København K",1069,København K,55.679145,12.583148
Joe & The Juice,Joe & The Juice,"Østergade 54, 1100 København K",1100,København K,55.679348,12.580353
Joe & The Juice,Joe & The Juice,"Grønnegade 3, 1107 København K",1107,København K,55.681116,12.582483
Joe & The Juice,Joe & The Juice,"Landemærket 3, 1119 København K",1119,København K,55.681583,12.575455
Joe & The Juice,Joe & The Juice,"Købmagergade 30, 1150 København K",1150,København K,55.680262,12.578905
Joe & The Juice,Joe & The Juice,"Skindergade 33, 1159 København K",1159,København K,55.679183,12.574155
Joe & The Juice,Joe & The Juice,"Sankt Annæ Plads 13, 1250 København K",1250,København K,55.681906,12.591063
Joe & The Juice,Joe & The Juice,"Frederiksborggade 9, 1360 København K",1360,København K,55.68314,12.57262
Joe & The Juice,Joe & The Juice,"Torvegade 45, 1400 København K",1400,København K,55.67243,12.591721
Joe & The Juice,Joe & The Juice,"Kalvebod Brygge 57, 1560 København V",1560,København V,55.662369,12.562791
Joe & The Juice,Joe & The Juice,"Havneholmen 5, 1561 København V",1561,København V,55.661866,12.561234
Joe & The Juice,Joe & The Juice,"Bernstorffsgade 16, 1577 København V",1577,København V,55.672934,12.565821
Joe & The Juice,Joe & The Juice,"Vesterbrogade 57, 1620 København V",1620,København V,55.672344,12.554196
Joe & The Juice,Joe & The Juice,"Vesterbrogade 2T, 1620 København V",1620,København V,55.675481,12.565962
Joe & The Juice,Joe & The Juice,"Tietgensgade 20, 1704 København V",1704,København V,55.672494,12.568991
Joe & The Juice,Joe & The Juice,"Gammel Kongevej 98, 1850 Frederiksberg C",1850,Frederiksberg C,55.675582,12.545694
Joe & The Juice,Joe & The Juice,"Solbjerg Plads 2, 2000 Frederiksberg",2000,Frederiksberg,55.681356,12.531195
Joe & The Juice,Joe & The Juice,"Solbjergvej 2E, 2000 Frederiksberg",2000,Frederiksberg,55.681666,12.531957
Joe & The Juice,Joe & The Juice,"Østerbrogade 48, 2100 København Ø",2100,København Ø,55.696826,12.579821
Joe & The Juice,Joe & The Juice,"Østerbrogade 84D, 2100 København Ø",2100,København Ø,55.700687,12.577705
Joe & The Juice,Joe & The Juice,"Oslo Plads 8, 2100 København Ø",2100,København Ø,55.692562,12.587383
Joe & The Juice,Joe & The Juice,"Sandkaj 19, 2150 Nordhavn",2150,Nordhavn,55.706459,12.594867
Joe & The Juice,Joe & The Juice,"Arne Jacobsens Allé 10, 2300 København S",2300,København S,55.630523,12.575911
Joe & The Juice,Joe & The Juice,"Reberbanegade 3, 2300 København S",2300,København S,55.662842,12.60387
Joe & The Juice,Joe & The Juice,"Islands Brygge 21, 2300 København S",2300,København S,55.666989,12.577233
Joe & The Juice,Joe & The Juice,"Emma Gads Vej 41, 2300 København S",2300,København S,55.638532,12.580428
Joe & The Juice,Joe & The Juice,"Center Boulevard 5, 2300 København S",2300,København S,55.638232,12.577585
Joe & The Juice,Joe & The Juice,"Pladehals Allé 28, 2450 København SV",2450,København SV,55.655512,12.551529
Joe & The Juice,Joe & The Juice,"Mellemtoftevej 1A, 2500 Valby",2500,Valby,55.663995,12.514312
Joe & The Juice,Joe & The Juice,"Valby Torvegade 9, 2500 Valby",2500,Valby,55.664684,12.51201
Joe & The Juice,Joe & The Juice,"Rødovre Centrum 1P, 2610 Rødovre",2610,Rødovre,55.679575,12.457463
Joe & The Juice,Joe & The Juice,"Cityringen 2, 2630 Taastrup",2630,Taastrup,55.644202,12.276121
Joe & The Juice,Joe & The Juice,"Vanløse Torv 9, 2720 Vanløse",2720,Vanløse,55.687638,12.491241
Joe & The Juice,Joe & The Juice,"Kastrup Tværvej C 6, 2770 Kastrup",2770,Kastrup,55.628181,12.64985
Joe & The Juice,Joe & The Juice,"Lufthavnstorvet 2, 2770 Kastrup",2770,Kastrup,55.628577,12.647495
Joe & The Juice,Joe & The Juice,"Kastrup Tværvej C 6, 2770 Kastrup",2770,Kastrup,55.628529,12.649707
Joe & The Juice,Joe & The Juice,"Terminalvej Airside 12, 2770 Kastrup",2770,Kastrup,55.6277,12.650533
Joe & The Juice,Joe & The Juice,"Terminalgade 6, 2770 Kastrup",2770,Kastrup,55.628857,12.64549
Joe & The Juice,Joe & The Juice,"Terminalgade 4, 2770 Kastrup",2770,Kastrup,55.62892,12.644777
Joe & The Juice,Joe & The Juice,"Lyngby Hovedgade 43, 2800 Kongens Lyngby",2800,Kongens Lyngby,55.770193,12.504379
Joe & The Juice,Joe & The Juice,"Lyngby Hovedgade 76, 2800 Kongens Lyngby",2800,Kongens Lyngby,55.769262,12.5049
Joe & The Juice,Joe & The Juice,"Kanalvej 2, 2800 Kongens Lyngby",2800,Kongens Lyngby,55.77232,12.506462
Joe & The Juice,Joe & The Juice,"Gentoftegade 64, 2820 Gentofte",2820,Gentofte,55.746253,12.540649
Joe & The Juice,Joe & The Juice,"Holte Midtpunkt 28, 2840 Holte",2840,Holte,55.811174,12.471972
Joe & The Juice,Joe & The Juice,"Tuborg Havnevej 6, 2900 Hellerup",2900,Hellerup,55.725766,12.579702
Joe & The Juice,Joe & The Juice,"Strandvejen 149, 2900 Hellerup",2900,Hellerup,55.730379,12.576182
Joe & The Juice,Joe & The Juice,"Ordrupvej 82, 2920 Charlottenlund",2920,Charlottenlund,55.761328,12.573715
Joe & The Juice,Joe & The Juice,"Jægersborg Alle 16, 2920 Charlottenlund",2920,Charlottenlund,55.753849,12.570995
Joe & The Juice,Joe & The Juice,"Rungsted Havn 16E, 2960 Rungsted Kyst",2960,Rungsted Kyst,55.884843,12.545594
Joe & The Juice,Joe & The Juice,"Hørsholm Midtpunkt 37, 2970 Hørsholm",2970,Hørsholm,55.881238,12.496966
Joe & The Juice,Joe & The Juice,"Stürups Plads 3, 3000 Helsingør",3000,Helsingør,56.032969,12.607726
Joe & The Juice,Joe & The Juice,"Slotsarkaderne 28, 3400 Hillerød",3400,Hillerød,55.928588,12.298392
Joe & The Juice,Joe & The Juice,"Farum Bytorv 5, 3520 Farum",3520,Farum,55.814336,12.378547
Joe & The Juice,Joe & The Juice,"Københavnsvej 33, 4000 Roskilde",4000,Roskilde,55.641612,12.099859
Joe & The Juice,Joe & The Juice,"Vestsjællandscentret 10F, 4200 Slagelse",4200,Slagelse,55.406278,11.354917
Joe & The Juice,Joe & The Juice,"Vestergade 24, 5000 Odense C",5000,Odense C,55.395848,10.386489
Joe & The Juice,Joe & The Juice,"Adamsgade 31, 5000 Odense C",5000,Odense C,55.401572,10.386709
Joe & The Juice,Joe & The Juice,"Gørtlervej 6, 5220 Odense SØ",5220,Odense SØ,55.383802,10.426246
Joe & The Juice,Joe & The Juice,"Skovvangen 42, 6000 Kolding",6000,Kolding,55.514134,9.460086
Joe & The Juice,Joe & The Juice,"Torvet 16, 6700 Esbjerg",6700,Esbjerg,55.466391,8.451581
Joe & The Juice,Joe & The Juice,"Søndergade 27A, 7100 Vejle",7100,Vejle,55.706318,9.532816
Joe & The Juice,Joe & The Juice,"Bredgade 16A, 7400 Herning",7400,Herning,56.136323,8.972774
Joe & The Juice,Joe & The Juice,"Golfvej 9, 7400 Herning",7400,Herning,56.135886,9.001265
Joe & The Juice,Joe & The Juice,"Immervad 4, 8000 Aarhus C",8000,Aarhus C,56.157191,10.206779
Joe & The Juice,Joe & The Juice,"Ryesgade 29, 8000 Aarhus C",8000,Aarhus C,56.151646,10.205095
Joe & The Juice,Joe & The Juice,"Værkmestergade 27, 8000 Aarhus C",8000,Aarhus C,56.149267,10.20478
Joe & The Juice,Joe & The Juice,"Banegårdspladsen 1E, 8000 Aarhus C",8000,Aarhus C,56.149915,10.204706
Joe & The Juice,Joe & The Juice,"Immervad 6, 8000 Aarhus C",8000,Aarhus C,56.156886,10.206833
Joe & The Juice,Joe & The Juice,"Nordre Strandvej 54A, 8240 Risskov",8240,Risskov,56.194814,10.247421
Joe & The Juice,Joe & The Juice,"Nygade 14, 8600 Silkeborg",8600,Silkeborg,56.167502,9.548332
Joe & The Juice,Joe & The Juice,"Gravene 3, 8800 Viborg",8800,Viborg,56.449875,9.404509
Joe & The Juice,Joe & The Juice,"Merkurvej 55, 8960 Randers SØ",8960,Randers SØ,56.43007,10.06439
Joe & The Juice,Joe & The Juice,"Fjordgade 20, 9000 Aalborg",9000,Aalborg,57.047907,9.926516
Joe & The Juice,Joe & The Juice,"Algade 16A, 9000 Aalborg",9000,Aalborg,57.04712,9.922339
Joe & The Juice,Joe & The Juice,"Hobrovej 452, 9200 Aalborg SV",9200,Aalborg SV,57.004727,9.875832
KFC,"København S, Fields","Field's Shopping Center, Arne Jacobsens Allé 12, 2nd floor, 2300 København",2300,København,55.630337,12.577518
Max Burgers,Gammeltorv København,"Gammeltorv 4, 1457 København",1457,København,55.678322,12.572629
Max Burgers,MAX Hovedbanegården,"Banegårdspladsen 6, 1570 København V",1570,København V,55.67273,12.56362
Max Burgers,"Copenhagen, Kaktus (Dybbølsbro)","Dybbølsbro 1, 1577 København",1577,København,55.663451,12.560803
Max Burgers,Ishøj,"Ved Stationen 2, 2635 Ishøj",2635,Ishøj,55.6138,12.360347
Max Burgers,"BIG Shopping, Herlev","Herlev Hovedgade 55, 2730 Herlev",2730,Herlev,55.718817,12.450904
Max Burgers,Ringsted,"Klosterparks Allé 20, 4100 Ringsted",4100,Ringsted,55.45339,11.78661
McDonald's,København - Kgs. Nytorv,"Kongens Nytorv 17, 1050 København K",1050,København K,55.679581,12.584783
McDonald's,København - Nørrevold,"Nørre Voldgade 82, 1358 København K",1358,København K,55.68311,12.57211
McDonald's,København - Fisketorvet,"Fisketorvet Shoppingcenter Kalvebod Brygge 59, 1560 København V",1560,København V,55.66218,12.56218
McDonald's,København - Hovedbanegård,"Bernstorffsgade 16, 1577 København V",1577,København V,55.67311,12.56483
McDonald's,København - Industriens Hus,"Vesterbrogade 1b, 1620 København V",1620,København V,55.67549,12.56776
McDonald's,Frederiksberg,"Falkoner Allé 20, 2000 Frederiksberg",2000,Frederiksberg,55.68014,12.53406
McDonald's,København - Østerbrogade,"Østerbrogade 120, 2100 København Ø",2100,København Ø,55.70462,12.57771
McDonald's,København - Field's,"Arne Jacobsens Allé 12, 2300 København S",2300,København S,55.63024,12.57722
McDonald's,København - Amager Centret,"Reberbanegade 3, 2300 København S",2300,København S,55.662415,12.604578
McDonald's,København - Nørrebro Bycenter,"Lygten 2 L, 2400 København NV",2400,København NV,55.702796,12.538034
McDonald's,Valby - Gammel Køge Landevej,"Gammel Køge Landevej 103, 2500 Valby",2500,Valby,55.649977,12.507792
McDonald's,Valby - Tingsted,"Valby Tingsted 4C, 2500 Valby",2500,Valby,55.665747,12.514104
McDonald's,Glostrup,"Hovedvejen 179, 2600 Glostrup",2600,Glostrup,55.66439,12.37936
McDonald's,Brøndby,"Brøndbyøstervej 1, 2605 Brøndby",2605,Brøndby,55.66864,12.43693
McDonald's,Rødovre - Jyllingevej,"Jyllingevej 166, 2610 Rødovre",2610,Rødovre,55.69257,12.46294
McDonald's,Rødovre - Centrum,"Rødovre Centrum 1R, 2610 Rødovre",2610,Rødovre,55.68029,12.457831
McDonald's,Taastrup - City2,"Cityringen 4, 2630 Taastrup",2630,Taastrup,55.64385,12.27764
McDonald's,Taastrup - Mårkærvej,"Mårkærvej 15, 2630 Taastrup",2630,Taastrup,55.65918,12.28439
McDonald's,Hvidovre - Friheden,"Hvidovrevej 339, 2650 Hvidovre",2650,Hvidovre,55.626604,12.482463
McDonald's,Hvidovre - Kettevej,"Kettevej 3, 2650 Hvidovre",2650,Hvidovre,55.64487,12.46036
McDonald's,Vallensbæk,"Strandesplanaden 120, 2665 Vallensbæk",2665,Vallensbæk,55.62288,12.39039
McDonald's,Greve,"Over Bølgen 13, 2670 Greve",2670,Greve,55.59972,12.32945
McDonald's,Solrød,"Motelvej 2, 2690 Karlslunde",2690,Karlslunde,55.54563,12.21478
McDonald's,Vanløse,"Vanløse Torv 1, 2720 Vanløse",2720,Vanløse,55.687535,12.492021
McDonald's,Herlev,"Mileparken 39, 2730 Herlev",2730,Herlev,55.71668,12.43779
McDonald's,Ballerup,"Tempovej 1, 2750 Ballerup",2750,Ballerup,55.72226,12.38455
McDonald's,Kastrup,"Kystvejen 1, 2770 Kastrup",2770,Kastrup,55.631279,12.656958
McDonald's,Lyngby,"Jernbanepladsen 37-41, 2800 Kongens Lyngby",2800,Kongens Lyngby,55.768442,12.503732
McDonald's,Gentofte,"Nybrovej 2, 2820 Gentofte",2820,Gentofte,55.754729,12.517601
McDonald's,Gladsaxe,"Tinghøjparken 47, 2860 Søborg",2860,Søborg,55.741931,12.493134
McDonald's,Hørsholm,"Christianshusvej 24, 2970 Hørsholm",2970,Hørsholm,55.90357,12.47706
McDonald's,Helsingør,"Kongevejen 103, 3000 Helsingør",3000,Helsingør,56.02654,12.58913
McDonald's,Frederiksværk,"Hillerødvej 32, 3300 Frederiksværk",3300,Frederiksværk,55.96866,12.02919
McDonald's,Hillerød,"Herredsvejen 16, 3400 Hillerød",3400,Hillerød,55.93487,12.26235
McDonald's,Birkerød,"Birkerød Kongevej 60, 3460 Birkerød",3460,Birkerød,55.840961,12.440987
McDonald's,Farum Bytorv,"Farum Bytorv 63, 3520 Farum",3520,Farum,55.81466,12.381297
McDonald's,Frederikssund,"Ådalsvej 1, 3600 Frederikssund",3600,Frederikssund,55.843443,12.075203
McDonald's,Roskilde - Københavnsvej,"Københavnsvej 118, 4000 Roskilde",4000,Roskilde,55.64217,12.11577
McDonald's,Roskilde - Ringstedgade,"Ringstedgade 76, 4000 Roskilde",4000,Roskilde,55.63429,12.07385
McDonald's,Ringsted,"Klosterparks allé 9-13, 4100 Ringsted",4100,Ringsted,55.45183,11.78726
McDonald's,Slagelse,"Idagårdsvej 2, 4200 Slagelse",4200,Slagelse,55.39179,11.35383
McDonald's,Korsør,"Energivej 4, 4220 Korsør",4220,Korsør,55.353467,11.142176
McDonald's,Holbæk - Megacenter,"Søagervej 4, 4300 Holbæk",4300,Holbæk,55.701599,11.668265
McDonald's,Holbæk - Valdemar Sejrsvej,"Valdemar Sejrsvej 8, 4300 Holbæk",4300,Holbæk,55.71712,11.70559
McDonald's,Kalundborg,"Stejlhøj 7A, 4400 Kalundborg",4400,Kalundborg,55.679913,11.124059
McDonald's,Køge,"Københavnsvej 108, 4600 Køge",4600,Køge,55.47984,12.18628
McDonald's,Rønnede,"Trafikcenter Rønnede 3, 4683 Rønnede",4683,Rønnede,55.25689,11.996449
McDonald's,Næstved - Havnen,"Blegdammen 2, 4700 Næstved",4700,Næstved,55.22297,11.75861
McDonald's,Næstved - Gl. Holstedvej,"Gammel Holstedvej 2, 4700 Næstved",4700,Næstved,55.25065,11.7794
McDonald's,Vordingborg,"Højgaardsvej 4, 4760 Vordingborg",4760,Vordingborg,54.998,12.002
McDonald's,Nykøbing Falster,"Skovboulevarden 2B, 4800 Nykøbing Falster",4800,Nykøbing Falster,54.76841,11.87639
McDonald's,Maribo,"Europavej 7, 4930 Maribo",4930,Maribo,54.779090,11.478890
McDonald's,Odense City,"Fisketorvet 2, 5000 Odense",5000,Odense,55.396894,10.389142
McDonald's,Odense - Risingsvej,"Risingsvej 65, 5000 Odense",5000,Odense,55.40272,10.424
McDonald's,Odense Banegård,"Østre Stationsvej 29, 5000 Odense C",5000,Odense C,55.40114,10.3869
McDonald's,Odense - Tarupcentret,"Rugvang 36, Tarupcentret, 5210 Odense NV",5210,Odense NV,55.4098,10.33698
McDonald's,Odense - Rosengårdscentret,"Ørbækvej 75, 5220 Odense SØ",5220,Odense SØ,55.382,10.4297
McDonald's,Odense - Svendborgvej,"Sivmosevænget 2, 5260 Odense S",5260,Odense S,55.35227,10.40639
McDonald's,Middelfart,"Nyvang 1, 5500 Middelfart",5500,Middelfart,55.50994,9.76792
McDonald's,McDonald's Langeskov,"Bronzetoften 5, 5550 Langeskov",5550,Langeskov,55.352475,10.565087
McDonald's,Aarup,"Gl.Hovedvej 25, 5560 Aarup",5560,Aarup,55.41355,10.05685
McDonald's,Svendborg,"Johannes Jørgensens Vej 2, 5700 Svendborg",5700,Svendborg,55.06063,10.60011
McDonald's,Ringe,"Lombjergevej 2E, 5750 Ringe",5750,Ringe,55.23502,10.489833
McDonald's,Nyborg,"Storebæltsvej 3, 5800 Nyborg",5800,Nyborg,55.30914,10.80613
McDonald's,Kolding Syd,"Andreas Schous Vej 50, 6000 Kolding",6000,Kolding,55.46624,9.42131
McDonald's,Kolding,"Vejlevej 129, 6000 Kolding",6000,Kolding,55.50386,9.45738
McDonald's,Haderslev,"Teaterstien 5, 6100 Haderslev",6100,Haderslev,55.25128,9.49047
McDonald's,Kliplev,"Kliplev Industripark 4, 6200 Aabenraa",6200,Aabenraa,54.939556,9.380543
McDonald's,Rødekro,"Kometvej 2, 6230 Rødekro",6230,Rødekro,55.06776,9.36209
McDonald's,Tønder,"Centerbuen 1, 6270 Tønder",6270,Tønder,54.950956,8.887803
McDonald's,Sønderborg,"Nørrekobbel 25, 6400 Sønderborg",6400,Sønderborg,54.92431,9.80742
McDonald's,Vejen,"Vestermarksvej 4, 6600 Vejen",6600,Vejen,55.4941,9.12713
McDonald's,Esbjerg Torvet,"Torvet 18, 6700 Esbjerg",6700,Esbjerg,55.466538,8.451539
McDonald's,Esbjerg - Storegade,"Storegade 227A, 6705 Esbjerg",6705,Esbjerg,55.4794,8.49572
McDonald's,Gjesing,"Østre Gjesingvej 28, 6715 Gjesing",6715,Gjesing,55.508377,8.455578
McDonald's,Varde,"Nørrevold 23, 6800 Varde",6800,Varde,55.62439,8.47996
McDonald's,Skjern,"Jægervej 17, 6900 Skjern",6900,Skjern,55.954333,8.519925
McDonald's,Ringkøbing,"Søndervigvej 1, 6950 Ringkøbing",6950,Ringkøbing,56.09119,8.23983
McDonald's,Fredericia - Erritsø,"Strevelinsvej 13, 7000 Fredericia",7000,Fredericia,55.53485,9.71741
McDonald's,Fredericia - Vejlevej,"Vejlevej 22, 7000 Fredericia",7000,Fredericia,55.56954,9.72637
McDonald's,Vejle Syd,"Godthåbsvej 51, 7100 Vejle",7100,Vejle,55.663756,9.551349
McDonald's,Vejle - Vinding,"Jens Ravns Vej 1, 7100 Vejle",7100,Vejle,55.67467,9.58011
McDonald's,Vejle - DTC,"Transportvej 4, 7100 Vejle",7100,Vejle,55.74893,9.58963
McDonald's,Brande,"Sjællandsvej 2C, 7330 Brande",7330,Brande,55.9276,9.16043
McDonald's,Herning - Silkeborgvej,"Silkeborgvej 7, 7400 Herning",7400,Herning,56.13533,8.98433
McDonald's,Herning - Åvænget,"Åvænget 2, 7400 Herning",7400,Herning,56.13398,9.00732
McDonald's,Ikast,"La Cours Vej 26, 7430 Ikast",7430,Ikast,56.122195,9.171478
McDonald's,Holstebro,"Fredericiagade 54, 7500 Holstebro",7500,Holstebro,56.36322,8.61257
McDonald's,Struer,"Industrivej 1A, 7600 Struer",7600,Struer,56.48764,8.58298
McDonald's,Thisted,"Havnen 16, 7700 Thisted",7700,Thisted,56.95316,8.69308
McDonald's,Skive,"Sdr Boulevard 5, 7800 Skive",7800,Skive,56.56432,9.03061
McDonald's,Nykøbing Mors,"Vester Fald 3, 7900 Nykøbing Mors",7900,Nykøbing Mors,56.788475,8.828845
McDonald's,Århus - Banegård,"Banegårdspladsen 1, 8000 Aarhus C",8000,Aarhus C,56.15033,10.20496
McDonald's,Århus - Telefontorvet,"Telefontorvet 10, 8000 Aarhus C",8000,Aarhus C,56.155644,10.207051
McDonald's,Århus - Randersvej,"Randersvej 150, 8200 Aarhus N",8200,Aarhus N,56.179301,10.200146
McDonald's,Brabrand,"Logistikparken 12C, 8220 Brabrand",8220,Brabrand,56.1587,10.06906
McDonald's,Risskov - Grenåvej,"Ravnsøvej 17, 8240 Risskov",8240,Risskov,56.20201,10.2466
McDonald's,Viby - Mega Syd,"Ringvej Syd 86, 8260 Viby J",8260,Viby J,56.11585,10.15139
McDonald's,Viby,"Viby Ringvej 19, 8260 Viby J",8260,Viby J,56.12909,10.16062
McDonald's,Tilst,"Havkærvej 116, 8381 Tilst",8381,Tilst,56.18173,10.12251
McDonald's,Rønde,"Fremtidsparken 3, 8410 Rønde",8410,Rønde,56.31452,10.43226
McDonald's,Grenaa,"Århusvej 54, 8500 Grenaa",8500,Grenaa,56.40583,10.87359
McDonald's,Lystrup,"Lægårdsvej 2 A, 8520 Lystrup",8520,Lystrup,56.224641,10.238048
McDonald's,Silkeborg,"Nørrevænget 41, 8600 Silkeborg",8600,Silkeborg,56.18451,9.54493
McDonald's,Stilling,"Ørstedsvej 4, 8660 Skanderborg",8660,Skanderborg,56.06823,9.97788
McDonald's,Horsens - Flintebakken,"Flintebakken 1, 8700 Horsens",8700,Horsens,55.87022,9.86422
McDonald's,Horsens - Vejlevej,"Vejlevej 50, 8700 Horsens",8700,Horsens,55.84673,9.82472
McDonald's,Viborg - Morsøvej,"Morsøvej 2, 8800 Viborg",8800,Viborg,56.4482,9.36533
McDonald's,Viborg - Overlund,"Randersvej 60, 8800 Viborg",8800,Viborg,56.4523,9.4487
McDonald's,Randers - Tørvebryggen,"Tørvebryggen 28, 8900 Randers",8900,Randers,56.45779,10.03329
McDonald's,Randers - Paderup,"Paderup Boulevard 4, 8960 Randers SØ",8960,Randers SØ,56.42932,10.05607
McDonald's,Purhus,"Vestergade 70, 8990 Fårup",8990,Fårup,56.541122,9.895999
McDonald's,Aalborg - Nytorv,"Østerågade 17, 9000 Aalborg",9000,Aalborg,57.04896,9.92162
McDonald's,Skalborg,"Hobrovej 396, 9200 Aalborg SV",9200,Aalborg SV,57.009389,9.8859
McDonald's,Svenstrup,"Skjoldet 1, 9230 Svenstrup",9230,Svenstrup,56.95412,9.86394
McDonald's,Nørresundby,"Forbindelsesvejen 150, 9400 Nørresundby",9400,Nørresundby,57.07021,9.94649
McDonald's,Aabybro,"Nordstjernevej 8, 9440 Aabybro",9440,Aabybro,57.14874,9.75135
McDonald's,Haverslev,"Industriparken 4, 9610 Nørager",9610,Nørager,56.78357,9.69556
McDonald's,Brønderslev,"Velkomstcenter Syd 3, 9700 Brønderslev",9700,Brønderslev,57.251771,9.971112
McDonald's,Hjørring,"Frederikshavnsvej 19-21, 9800 Hjørring",9800,Hjørring,57.45618,10.002
McDonald's,Frederikshavn,"Hjørringvej 141, 9900 Frederikshavn",9900,Frederikshavn,57.44659,10.50752
Starbucks,Starbucks,"Fiolstræde 20, 1171 København K",1171,København K,55.680905,12.57298
Starbucks,Starbucks,"Frederiksborggade 15, 1360 København K",1360,København K,55.683693,12.570997
Starbucks,Starbucks,"Rådhuspladsen 43, 1550 København V",1550,København V,55.67669,12.568925
Starbucks,Starbucks,"Havneholmen 3, 1561 København V",1561,København V,55.661794,12.560741
Starbucks,Starbucks,"Banegårdspladsen 9, 1570 København V",1570,København V,55.672894,12.564187
Starbucks,Starbucks,"Vesterbrogade 1E, 1620 København V",1620,København V,55.675251,12.567177
Starbucks,Starbucks,"Solbjergvej 2D, 2000 Frederiksberg",2000,Frederiksberg,55.681362,12.532342
Starbucks,Starbucks,"Over Bølgen 3, 2670 Greve",2670,Greve,55.598893,12.326181
Starbucks,Starbucks,"Næstved Storcenter 1, 4700 Næstved",4700,Næstved,55.253392,11.782301
Starbucks,Starbucks,"Vestergade 21, 5000 Odense C",5000,Odense C,55.396156,10.387195
Starbucks,Starbucks,"Ørbækvej 75C, 5220 Odense SØ",5220,Odense SØ,55.383018,10.427913
Starbucks,Starbucks,"Skovvangen 40B, 6000 Kolding",6000,Kolding,55.513018,9.459673
Starbucks,Starbucks,"Nørregade 23, 7100 Vejle",7100,Vejle,55.710388,9.534495
Starbucks,Starbucks,"Søndergade 15, 8000 Aarhus C",8000,Aarhus C,56.154712,10.20713
Starbucks,Starbucks,"Store Torv 18N, 8000 Aarhus C",8000,Aarhus C,56.157656,10.207778
Starbucks,Starbucks,"Nytorv 8, 9000 Aalborg",9000,Aalborg,57.048274,9.922398
Starbucks,Starbucks,"Hobrovej 450, 9200 Aalborg SV",9200,Aalborg SV,57.004707,9.87618
Subway,Subway Falkoner Alle 21,"Falkoner Alle 21, 2000 Frederiksberg",2000,Frederiksberg,55.681486,12.533925
Subway,Subway Arne Jacobsens Alle 12 (Field's),"Arne Jacobsens Alle 12, 2300 København",2300,København,55.629858,12.577575
Subway,Subway Reberbanegade 3,"Reberbanegade 3, Amager Øst, 2300 København",2300,København,55.662897,12.603898
Subway,Subway Lygten 2L,"Lygten 2L, 2400 København",2400,København,55.70356,12.538441
Subway,Subway Hovedvejen 81,"Hovedvejen 81, 2600 Glostrup",2600,Glostrup,55.665752,12.400171
Subway,Subway Cityringen 4 (City 2),"Cityringen 4, 2630 Taastrup",2630,Taastrup,55.643922,12.276894
Subway,Subway Butik 1051 (Ishøj Bycenter),"Ishøj Store Torv 24, 2635 Ishøj",2635,Ishøj,55.613995,12.356381
Subway,Subway Storcenter 1 (Lyngby Storcenter),"Storcenter 1, 2800 Kongens Lyngby",2800,Kongens Lyngby,55.771074,12.505105
Subway,Subway Vestsjællandcentret 10,"Vestsjællandscentret 10A, 4200 Slagelse",4200,Slagelse,55.405941,11.354575
Subway,Subway Skovvangen 42,"Skovvangen 42, 6000 Kolding",6000,Kolding,55.51385,9.460235
Subway,Subway Banegårdspladsen 3C,"Banegårdspladsen 3C, 7100 Vejle",7100,Vejle,55.706368,9.536352
Subway,Subway Merkurvej 1,"Merkurvej 1, 7400 Herning",7400,Herning,56.13576,8.999877
Subway,Subway Merkurvej 55,"Merkurvej 55, 8960 Randers",8960,Randers,56.42969,10.064009
Subway,Subway Østerågade 16,"Østerågade 16, 9000 Aalborg",9000,Aalborg,57.04958,9.922455
Subway,Subway Hobrovej 452,"Hobrovej 452, 9200 Aalborg",9200,Aalborg,57.004661,9.874933
Sunset Boulevard,København - Frederiksberggade (Strøget),"Frederiksberggade 25A, 1459 København K",1459,København K,55.677174,12.571108
Sunset Boulevard,København - Fisketorvet,"Havneholmen 5, 1561 København V",1561,København V,55.661324,12.561875
Sunset Boulevard,København - Fields,"Arne Jacobsens Allé 12, 2300 København S",2300,København S,55.630999,12.575893
Sunset Boulevard,Rødovre,"Rødovre Centrum 1R, 2610 Rødovre",2610,Rødovre,55.680013,12.456494
Sunset Boulevard,Taastrup,"Helgeshøj Allé 32A, 2630 Taastrup",2630,Taastrup,55.661012,12.283633
Sunset Boulevard,Greve,"Mosede Landevej 62, 2670 Greve",2670,Greve,55.584644,12.258387
Sunset Boulevard,Ballerup/Skovlunde,"Mileparken 2, 2740 Skovlunde",2740,Skovlunde,55.712835,12.419747
Sunset Boulevard,Hillerød,"Sigrunsvej 20, 3400 Hillerød",3400,Hillerød,55.934167,12.261588
Sunset Boulevard,Ringsted,"Klosterparks Allé 6, 4100 Ringsted",4100,Ringsted,55.452858,11.788891
Sunset Boulevard,Slagelse,"Idagårdsvej 4, 4200 Slagelse",4200,Slagelse,55.392104,11.353091
Sunset Boulevard,Korsør,"Energivej 8A, 4220 Korsør",4220,Korsør,55.354022,11.140264
Sunset Boulevard,Næstved,"Vestergårdsvej 94, 4700 Næstved",4700,Næstved,55.255992,11.805651
Sunset Boulevard,Rødby - Lalandia,"Lalandia Centret 1, 4970 Rødby",4970,Rødby,54.666077,11.333418
Sunset Boulevard,Odense V - Ørbækvej,"Carlsen-Skiødts Vej 2-6, 5220 Odense SØ",5220,Odense SØ,55.386413,10.428409
Sunset Boulevard,Odense - Rosengårdcentret,"Ørbækvej 75, 5220 Odense SØ",5220,Odense SØ,55.382488,10.428085
Sunset Boulevard,Odense - Roulund,"Drejebænken 3, 5260 Odense S",5260,Odense S,55.353858,10.420217
Sunset Boulevard,Aarup,"Industrivej 24, 5560 Aarup",5560,Aarup,55.412381,10.057417
Sunset Boulevard,Nyborg,"Slipshavnsvej 9, 5800 Nyborg",5800,Nyborg,55.307521,10.812625
Sunset Boulevard,Kolding - Storcenter,"Skovvangen 42, 6000 Kolding",6000,Kolding,55.513908,9.460066
Sunset Boulevard,Kolding - Vejlevej,"Vejlevej 247, 6000 Kolding",6000,Kolding,55.513182,9.456158
Sunset Boulevard,Haderslev,"Ny Erlevvej 28, 6100 Haderslev",6100,Haderslev,55.246698,9.482118
Sunset Boulevard,Rødekro,"Kometvej 3A, 6230 Rødekro",6230,Rødekro,55.068323,9.360964
Sunset Boulevard,Sønderborg,"Grundtvigs Allé 184, 6400 Sønderborg",6400,Sønderborg,54.920379,9.809688
Sunset Boulevard,Hammelev/Vojens,"Egemarken 11, 6500 Vojens",6500,Vojens,55.244023,9.397372
Sunset Boulevard,Esbjerg Ø,"Strandby Kirkevej 4, 6705 Esbjerg Ø",6705,Esbjerg Ø,55.4778,8.487884
Sunset Boulevard,Esbjerg - Storcenter,"Gl Vardevej 230, 6715 Esbjerg N",6715,Esbjerg N,55.508717,8.447385
Sunset Boulevard,Fredericia,"Strevelinsvej 2B, 7000 Fredericia",7000,Fredericia,55.535575,9.716739
Sunset Boulevard,Vejle - Dandyvej,"Dandyvej 1A, 7100 Vejle",7100,Vejle,55.726493,9.581061
Sunset Boulevard,Billund Lufthavn,"Passagerterminalen 10, 7190 Billund",7190,Billund,55.746471,9.147962
Sunset Boulevard,Herning - HerningCentret,"Merkurvej 1A, st. 3., 7400 Herning",7400,Herning,56.135912,9.002546
Sunset Boulevard,Holstebro,"Nyholmvej 10, 7500 Holstebro",7500,Holstebro,56.376531,8.619708
Sunset Boulevard,Aarhus - Bruuns Galleri,"M.P. Bruuns Gade 25, 8000 Aarhus C",8000,Aarhus C,56.149231,10.203426
Sunset Boulevard,Skejby,"Karl Krøyers Vej 15, 8200 Aarhus N",8200,Aarhus N,56.20633,10.174254
Sunset Boulevard,Aarhus - Risskov,"Ravnsøvej 48, 8240 Risskov",8240,Risskov,56.201323,10.243875
Sunset Boulevard,Tilst,"Blomstervej 2P, 8381 Tilst",8381,Tilst,56.181372,10.124466
Sunset Boulevard,Silkeborg,"Chr. d. 8.'s Vej 37, st. tv., 8600 Silkeborg",8600,Silkeborg,56.170658,9.552547
Sunset Boulevard,Horsens,"Lilli Gyldenkildes Torv 1, 8700 Horsens",8700,Horsens,55.858386,9.847828
Sunset Boulevard,Hedensted,"Kildeparken 10, 8722 Hedensted",8722,Hedensted,55.786801,9.667897
Sunset Boulevard,Viborg - Holstebrovej,"Holstebrovej 6B, 8800 Viborg",8800,Viborg,56.449789,9.388108
Sunset Boulevard,Viborg - Sct. Mathias Centret,"Sct. Mathias Centret 1, 1. 315, 8800 Viborg",8800,Viborg,56.448497,9.40556
Sunset Boulevard,Randers,"Gl. Aarhusvej 3, Sdr. Borup, 8940 Randers SV",8940,Randers SV,56.412898,10.075108
Sunset Boulevard,Aalborg - Kennedy Arkaden,"J. F. Kennedys Plads 1 F, 9000 Aalborg",9000,Aalborg,57.042329,9.918881
Sunset Boulevard,Aalborg - Storcenter,"Hobrovej 452, 9200 Aalborg SV",9200,Aalborg SV,57.004796,9.875935
Sunset Boulevard,Nørresundby,"Loftbrovej 6, 9400 Nørresundby",9400,Nørresundby,57.088901,9.969833
Sunset Boulevard,Haverslev,"Jyllandsgade 60, 9610 Nørager",9610,Nørager,56.782895,9.690647
Sunset Boulevard,Hjørring - Sprogøvej,"Sprogøvej 1, 9800 Hjørring",9800,Hjørring,57.455581,10.04105
Sunset Boulevard,Frederikshavn,"Hjørringvej 136, 9900 Frederikshavn",9900,Frederikshavn,57.447095,10.506865
